-- phpMyAdmin SQL Dump
-- version 5.2.0
-- https://www.phpmyadmin.net/
--
-- Host: localhost:3306
-- Generation Time: Jan 20, 2025 at 12:54 PM
-- Server version: 8.0.30
-- PHP Version: 8.3.7

SET SQL_MODE = "NO_AUTO_VALUE_ON_ZERO";
START TRANSACTION;
SET time_zone = "+00:00";


/*!40101 SET @OLD_CHARACTER_SET_CLIENT=@@CHARACTER_SET_CLIENT */;
/*!40101 SET @OLD_CHARACTER_SET_RESULTS=@@CHARACTER_SET_RESULTS */;
/*!40101 SET @OLD_COLLATION_CONNECTION=@@COLLATION_CONNECTION */;
/*!40101 SET NAMES utf8mb4 */;

--
-- Database: `uassig`
--

-- --------------------------------------------------------

--
-- Table structure for table `cache`
--

CREATE TABLE `cache` (
  `key` varchar(255) COLLATE utf8mb4_unicode_ci NOT NULL,
  `value` mediumtext COLLATE utf8mb4_unicode_ci NOT NULL,
  `expiration` int NOT NULL
) ENGINE=InnoDB DEFAULT CHARSET=utf8mb4 COLLATE=utf8mb4_unicode_ci;

--
-- Dumping data for table `cache`
--

INSERT INTO `cache` (`key`, `value`, `expiration`) VALUES
('livewire-rate-limiter:a17961fa74e9275d529f489537f179c05d50c2f3', 'i:1;', 1737370923),
('livewire-rate-limiter:a17961fa74e9275d529f489537f179c05d50c2f3:timer', 'i:1737370923;', 1737370923);

-- --------------------------------------------------------

--
-- Table structure for table `cache_locks`
--

CREATE TABLE `cache_locks` (
  `key` varchar(255) COLLATE utf8mb4_unicode_ci NOT NULL,
  `owner` varchar(255) COLLATE utf8mb4_unicode_ci NOT NULL,
  `expiration` int NOT NULL
) ENGINE=InnoDB DEFAULT CHARSET=utf8mb4 COLLATE=utf8mb4_unicode_ci;

-- --------------------------------------------------------

--
-- Table structure for table `failed_jobs`
--

CREATE TABLE `failed_jobs` (
  `id` bigint UNSIGNED NOT NULL,
  `uuid` varchar(255) COLLATE utf8mb4_unicode_ci NOT NULL,
  `connection` text COLLATE utf8mb4_unicode_ci NOT NULL,
  `queue` text COLLATE utf8mb4_unicode_ci NOT NULL,
  `payload` longtext COLLATE utf8mb4_unicode_ci NOT NULL,
  `exception` longtext COLLATE utf8mb4_unicode_ci NOT NULL,
  `failed_at` timestamp NOT NULL DEFAULT CURRENT_TIMESTAMP
) ENGINE=InnoDB DEFAULT CHARSET=utf8mb4 COLLATE=utf8mb4_unicode_ci;

-- --------------------------------------------------------

--
-- Table structure for table `jobs`
--

CREATE TABLE `jobs` (
  `id` bigint UNSIGNED NOT NULL,
  `queue` varchar(255) COLLATE utf8mb4_unicode_ci NOT NULL,
  `payload` longtext COLLATE utf8mb4_unicode_ci NOT NULL,
  `attempts` tinyint UNSIGNED NOT NULL,
  `reserved_at` int UNSIGNED DEFAULT NULL,
  `available_at` int UNSIGNED NOT NULL,
  `created_at` int UNSIGNED NOT NULL
) ENGINE=InnoDB DEFAULT CHARSET=utf8mb4 COLLATE=utf8mb4_unicode_ci;

-- --------------------------------------------------------

--
-- Table structure for table `job_batches`
--

CREATE TABLE `job_batches` (
  `id` varchar(255) COLLATE utf8mb4_unicode_ci NOT NULL,
  `name` varchar(255) COLLATE utf8mb4_unicode_ci NOT NULL,
  `total_jobs` int NOT NULL,
  `pending_jobs` int NOT NULL,
  `failed_jobs` int NOT NULL,
  `failed_job_ids` longtext COLLATE utf8mb4_unicode_ci NOT NULL,
  `options` mediumtext COLLATE utf8mb4_unicode_ci,
  `cancelled_at` int DEFAULT NULL,
  `created_at` int NOT NULL,
  `finished_at` int DEFAULT NULL
) ENGINE=InnoDB DEFAULT CHARSET=utf8mb4 COLLATE=utf8mb4_unicode_ci;

-- --------------------------------------------------------

--
-- Table structure for table `kabkota`
--

CREATE TABLE `kabkota` (
  `id` bigint UNSIGNED NOT NULL,
  `name` varchar(300) CHARACTER SET utf8mb4 COLLATE utf8mb4_unicode_ci NOT NULL,
  `alt_name` varchar(300) CHARACTER SET utf8mb4 COLLATE utf8mb4_unicode_ci NOT NULL,
  `latitude` double NOT NULL,
  `longitude` double NOT NULL,
  `provinsi_id` bigint UNSIGNED NOT NULL,
  `created_at` timestamp NULL DEFAULT NULL,
  `updated_at` timestamp NULL DEFAULT NULL
) ENGINE=InnoDB DEFAULT CHARSET=utf8mb4 COLLATE=utf8mb4_unicode_ci;

--
-- Dumping data for table `kabkota`
--

INSERT INTO `kabkota` (`id`, `name`, `alt_name`, `latitude`, `longitude`, `provinsi_id`, `created_at`, `updated_at`) VALUES
(1101, 'KABUPATEN SIMEULUE', 'KABUPATEN SIMEULUE', 2.61667, 96.08333, 11, NULL, NULL),
(1102, 'KABUPATEN ACEH SINGKIL', 'KABUPATEN ACEH SINGKIL', 2.41667, 97.91667, 11, NULL, NULL),
(1103, 'KABUPATEN ACEH SELATAN', 'KABUPATEN ACEH SELATAN', 3.16667, 97.41667, 11, NULL, NULL),
(1104, 'KABUPATEN ACEH TENGGARA', 'KABUPATEN ACEH TENGGARA', 3.36667, 97.7, 11, NULL, NULL),
(1105, 'KABUPATEN ACEH TIMUR', 'KABUPATEN ACEH TIMUR', 4.63333, 97.63333, 11, NULL, NULL),
(1106, 'KABUPATEN ACEH TENGAH', 'KABUPATEN ACEH TENGAH', 4.51, 96.855, 11, NULL, NULL),
(1107, 'KABUPATEN ACEH BARAT', 'KABUPATEN ACEH BARAT', 4.45, 96.16667, 11, NULL, NULL),
(1108, 'KABUPATEN ACEH BESAR', 'KABUPATEN ACEH BESAR', 5.38333, 95.51667, 11, NULL, NULL),
(1109, 'KABUPATEN PIDIE', 'KABUPATEN PIDIE', 5.08, 96.11, 11, NULL, NULL),
(1110, 'KABUPATEN BIREUEN', 'KABUPATEN BIREUEN', 5.08333, 96.58333, 11, NULL, NULL),
(1111, 'KABUPATEN ACEH UTARA', 'KABUPATEN ACEH UTARA', 4.97, 97.14, 11, NULL, NULL),
(1112, 'KABUPATEN ACEH BARAT DAYA', 'KABUPATEN ACEH BARAT DAYA', 3.83333, 96.88333, 11, NULL, NULL),
(1113, 'KABUPATEN GAYO LUES', 'KABUPATEN GAYO LUES', 3.95, 97.39, 11, NULL, NULL),
(1114, 'KABUPATEN ACEH TAMIANG', 'KABUPATEN ACEH TAMIANG', 4.25, 97.96667, 11, NULL, NULL),
(1115, 'KABUPATEN NAGAN RAYA', 'KABUPATEN NAGAN RAYA', 4.16667, 96.51667, 11, NULL, NULL),
(1116, 'KABUPATEN ACEH JAYA', 'KABUPATEN ACEH JAYA', 4.86, 95.64, 11, NULL, NULL),
(1117, 'KABUPATEN BENER MERIAH', 'KABUPATEN BENER MERIAH', 4.73015, 96.86156, 11, NULL, NULL),
(1118, 'KABUPATEN PIDIE JAYA', 'KABUPATEN PIDIE JAYA', 5.15, 96.21667, 11, NULL, NULL),
(1171, 'KOTA BANDA ACEH', 'KOTA BANDA ACEH', 5.54167, 95.33333, 11, NULL, NULL),
(1172, 'KOTA SABANG', 'KOTA SABANG', 5.82164, 95.31086, 11, NULL, NULL),
(1173, 'KOTA LANGSA', 'KOTA LANGSA', 4.47, 97.93, 11, NULL, NULL),
(1174, 'KOTA LHOKSEUMAWE', 'KOTA LHOKSEUMAWE', 5.13333, 97.06667, 11, NULL, NULL),
(1175, 'KOTA SUBULUSSALAM', 'KOTA SUBULUSSALAM', 2.75, 97.93333, 11, NULL, NULL),
(1201, 'KABUPATEN NIAS', 'KABUPATEN NIAS', 1.03333, 97.76667, 12, NULL, NULL),
(1202, 'KABUPATEN MANDAILING NATAL', 'KABUPATEN MANDAILING NATAL', 0.78378, 99.25495, 12, NULL, NULL),
(1203, 'KABUPATEN TAPANULI SELATAN', 'KABUPATEN TAPANULI SELATAN', 1.51667, 99.25, 12, NULL, NULL),
(1204, 'KABUPATEN TAPANULI TENGAH', 'KABUPATEN TAPANULI TENGAH', 1.9, 98.66667, 12, NULL, NULL),
(1205, 'KABUPATEN TAPANULI UTARA', 'KABUPATEN TAPANULI UTARA', 2.0028, 99.0707, 12, NULL, NULL),
(1206, 'KABUPATEN TOBA SAMOSIR', 'KABUPATEN TOBA SAMOSIR', 2.39793, 99.21678, 12, NULL, NULL),
(1207, 'KABUPATEN LABUHAN BATU', 'KABUPATEN LABUHAN BATU', 2.26667, 100.1, 12, NULL, NULL),
(1208, 'KABUPATEN ASAHAN', 'KABUPATEN ASAHAN', 2.78333, 99.55, 12, NULL, NULL),
(1209, 'KABUPATEN SIMALUNGUN', 'KABUPATEN SIMALUNGUN', 2.9, 99, 12, NULL, NULL),
(1210, 'KABUPATEN DAIRI', 'KABUPATEN DAIRI', 2.86667, 98.23333, 12, NULL, NULL),
(1211, 'KABUPATEN KARO', 'KABUPATEN KARO', 3.11667, 98.3, 12, NULL, NULL),
(1212, 'KABUPATEN DELI SERDANG', 'KABUPATEN DELI SERDANG', 3.41667, 98.66667, 12, NULL, NULL),
(1213, 'KABUPATEN LANGKAT', 'KABUPATEN LANGKAT', 3.71667, 98.21667, 12, NULL, NULL),
(1214, 'KABUPATEN NIAS SELATAN', 'KABUPATEN NIAS SELATAN', 0.77, 97.75, 12, NULL, NULL),
(1215, 'KABUPATEN HUMBANG HASUNDUTAN', 'KABUPATEN HUMBANG HASUNDUTAN', 2.26551, 98.50376, 12, NULL, NULL),
(1216, 'KABUPATEN PAKPAK BHARAT', 'KABUPATEN PAKPAK BHARAT', 2.56667, 98.28333, 12, NULL, NULL),
(1217, 'KABUPATEN SAMOSIR', 'KABUPATEN SAMOSIR', 2.64025, 98.71525, 12, NULL, NULL),
(1218, 'KABUPATEN SERDANG BEDAGAI', 'KABUPATEN SERDANG BEDAGAI', 3.36667, 99.03333, 12, NULL, NULL),
(1219, 'KABUPATEN BATU BARA', 'KABUPATEN BATU BARA', 3.16166, 99.52652, 12, NULL, NULL),
(1220, 'KABUPATEN PADANG LAWAS UTARA', 'KABUPATEN PADANG LAWAS UTARA', 1.46011, 99.67346, 12, NULL, NULL),
(1221, 'KABUPATEN PADANG LAWAS', 'KABUPATEN PADANG LAWAS', 1.44684, 99.99207, 12, NULL, NULL),
(1222, 'KABUPATEN LABUHAN BATU SELATAN', 'KABUPATEN LABUHAN BATU SELATAN', 1.983, 100.0976, 12, NULL, NULL),
(1223, 'KABUPATEN LABUHAN BATU UTARA', 'KABUPATEN LABUHAN BATU UTARA', 2.33349, 99.63776, 12, NULL, NULL),
(1224, 'KABUPATEN NIAS UTARA', 'KABUPATEN NIAS UTARA', 1.33037, 97.31964, 12, NULL, NULL),
(1225, 'KABUPATEN NIAS BARAT', 'KABUPATEN NIAS BARAT', 1.05966, 97.58606, 12, NULL, NULL),
(1271, 'KOTA SIBOLGA', 'KOTA SIBOLGA', 1.73333, 98.8, 12, NULL, NULL),
(1272, 'KOTA TANJUNG BALAI', 'KOTA TANJUNG BALAI', 2.95833, 99.79167, 12, NULL, NULL),
(1273, 'KOTA PEMATANG SIANTAR', 'KOTA PEMATANG SIANTAR', 2.96667, 99.05, 12, NULL, NULL),
(1274, 'KOTA TEBING TINGGI', 'KOTA TEBING TINGGI', 3.325, 99.14167, 12, NULL, NULL),
(1275, 'KOTA MEDAN', 'KOTA MEDAN', 3.65, 98.66667, 12, NULL, NULL),
(1276, 'KOTA BINJAI', 'KOTA BINJAI', 3.8, 108.23333, 12, NULL, NULL),
(1277, 'KOTA PADANG SIDEMPUAN', 'KOTA PADANG SIDEMPUAN', 1.37375, 99.26843, 12, NULL, NULL),
(1278, 'KOTA GUNUNGSITOLI', 'KOTA GUNUNGSITOLI', 1.32731, 97.55018, 12, NULL, NULL),
(1301, 'KABUPATEN KEPULAUAN MENTAWAI', 'KABUPATEN KEPULAUAN MENTAWAI', 1.98917, 99.51889, 13, NULL, NULL),
(1302, 'KABUPATEN PESISIR SELATAN', 'KABUPATEN PESISIR SELATAN', -1.58333, 100.85, 13, NULL, NULL),
(1303, 'KABUPATEN SOLOK', 'KABUPATEN SOLOK', -0.96667, 100.81667, 13, NULL, NULL),
(1304, 'KABUPATEN SIJUNJUNG', 'KABUPATEN SIJUNJUNG', -1.1827, 101.6056, 13, NULL, NULL),
(1305, 'KABUPATEN TANAH DATAR', 'KABUPATEN TANAH DATAR', -0.4555, 100.5771, 13, NULL, NULL),
(1306, 'KABUPATEN PADANG PARIAMAN', 'KABUPATEN PADANG PARIAMAN', -0.6, 100.28333, 13, NULL, NULL),
(1307, 'KABUPATEN AGAM', 'KABUPATEN AGAM', -0.25, 100.16667, 13, NULL, NULL),
(1308, 'KABUPATEN LIMA PULUH KOTA', 'KABUPATEN LIMA PULUH KOTA', -0.0168, 100.5872, 13, NULL, NULL),
(1309, 'KABUPATEN PASAMAN', 'KABUPATEN PASAMAN', 0.42503, 99.94606, 13, NULL, NULL),
(1310, 'KABUPATEN SOLOK SELATAN', 'KABUPATEN SOLOK SELATAN', -1.23333, 101.417, 13, NULL, NULL),
(1311, 'KABUPATEN DHARMASRAYA', 'KABUPATEN DHARMASRAYA', -1.05, 101.367, 13, NULL, NULL),
(1312, 'KABUPATEN PASAMAN BARAT', 'KABUPATEN PASAMAN BARAT', 0.28152, 99.51965, 13, NULL, NULL),
(1371, 'KOTA PADANG', 'KOTA PADANG', -0.98333, 100.45, 13, NULL, NULL),
(1372, 'KOTA SOLOK', 'KOTA SOLOK', -0.76667, 100.61667, 13, NULL, NULL),
(1373, 'KOTA SAWAH LUNTO', 'KOTA SAWAH LUNTO', -0.6, 100.75, 13, NULL, NULL),
(1374, 'KOTA PADANG PANJANG', 'KOTA PADANG PANJANG', -0.45, 100.43333, 13, NULL, NULL),
(1375, 'KOTA BUKITTINGGI', 'KOTA BUKITTINGGI', -0.275, 100.375, 13, NULL, NULL),
(1376, 'KOTA PAYAKUMBUH', 'KOTA PAYAKUMBUH', -0.23333, 100.63333, 13, NULL, NULL),
(1377, 'KOTA PARIAMAN', 'KOTA PARIAMAN', -0.62682, 100.12047, 13, NULL, NULL),
(1401, 'KABUPATEN KUANTAN SINGINGI', 'KABUPATEN KUANTAN SINGINGI', -0.47532, 101.45857, 14, NULL, NULL),
(1402, 'KABUPATEN INDRAGIRI HULU', 'KABUPATEN INDRAGIRI HULU', -0.55, 102.31667, 14, NULL, NULL),
(1403, 'KABUPATEN INDRAGIRI HILIR', 'KABUPATEN INDRAGIRI HILIR', -0.33333, 103.16667, 14, NULL, NULL),
(1404, 'KABUPATEN PELALAWAN', 'KABUPATEN PELALAWAN', 0.20822, 102.18607, 14, NULL, NULL),
(1405, 'KABUPATEN SIAK', 'KABUPATEN SIAK', 0.97453, 102.01355, 14, NULL, NULL),
(1406, 'KABUPATEN KAMPAR', 'KABUPATEN KAMPAR', 0.2344, 101.2131, 14, NULL, NULL),
(1407, 'KABUPATEN ROKAN HULU', 'KABUPATEN ROKAN HULU', 0.88333, 100.48333, 14, NULL, NULL),
(1408, 'KABUPATEN BENGKALIS', 'KABUPATEN BENGKALIS', 0.9838, 102.5096, 14, NULL, NULL),
(1409, 'KABUPATEN ROKAN HILIR', 'KABUPATEN ROKAN HILIR', 2.16599, 100.82514, 14, NULL, NULL),
(1410, 'KABUPATEN KEPULAUAN MERANTI', 'KABUPATEN KEPULAUAN MERANTI', 0.97488, 102.69539, 14, NULL, NULL),
(1471, 'KOTA PEKANBARU', 'KOTA PEKANBARU', 0.53333, 101.46667, 14, NULL, NULL),
(1473, 'KOTA DUMAI', 'KOTA DUMAI', 1.61592, 101.4917, 14, NULL, NULL),
(1501, 'KABUPATEN KERINCI', 'KABUPATEN KERINCI', -2.03333, 101.53333, 15, NULL, NULL),
(1502, 'KABUPATEN MERANGIN', 'KABUPATEN MERANGIN', -2.06933, 102.13303, 15, NULL, NULL),
(1503, 'KABUPATEN SAROLANGUN', 'KABUPATEN SAROLANGUN', -2.3, 102.65, 15, NULL, NULL),
(1504, 'KABUPATEN BATANG HARI', 'KABUPATEN BATANG HARI', -1.75, 103.11667, 15, NULL, NULL),
(1505, 'KABUPATEN MUARO JAMBI', 'KABUPATEN MUARO JAMBI', -1.55214, 103.82163, 15, NULL, NULL),
(1506, 'KABUPATEN TANJUNG JABUNG TIMUR', 'KABUPATEN TANJUNG JABUNG TIMUR', -1.13198, 103.61755, 15, NULL, NULL),
(1507, 'KABUPATEN TANJUNG JABUNG BARAT', 'KABUPATEN TANJUNG JABUNG BARAT', -1.1544, 103.24402, 15, NULL, NULL),
(1508, 'KABUPATEN TEBO', 'KABUPATEN TEBO', -1.45576, 102.37473, 15, NULL, NULL),
(1509, 'KABUPATEN BUNGO', 'KABUPATEN BUNGO', -1.50222, 101.96, 15, NULL, NULL),
(1571, 'KOTA JAMBI', 'KOTA JAMBI', -1.61667, 103.65, 15, NULL, NULL),
(1572, 'KOTA SUNGAI PENUH', 'KOTA SUNGAI PENUH', -2.10896, 101.32175, 15, NULL, NULL),
(1601, 'KABUPATEN OGAN KOMERING ULU', 'KABUPATEN OGAN KOMERING ULU', -4.13333, 104.03333, 16, NULL, NULL),
(1602, 'KABUPATEN OGAN KOMERING ILIR', 'KABUPATEN OGAN KOMERING ILIR', -3.36667, 105.36667, 16, NULL, NULL),
(1603, 'KABUPATEN MUARA ENIM', 'KABUPATEN MUARA ENIM', -4.2327, 103.6141, 16, NULL, NULL),
(1604, 'KABUPATEN LAHAT', 'KABUPATEN LAHAT', -3.7864, 103.5428, 16, NULL, NULL),
(1605, 'KABUPATEN MUSI RAWAS', 'KABUPATEN MUSI RAWAS', -3.08333, 103.2, 16, NULL, NULL),
(1606, 'KABUPATEN MUSI BANYU ASIN', 'KABUPATEN MUSI BANYU ASIN', -2.41667, 103.75, 16, NULL, NULL),
(1607, 'KABUPATEN BANYU ASIN', 'KABUPATEN BANYU ASIN', -2.88333, 104.38306, 16, NULL, NULL),
(1610, 'KABUPATEN OGAN ILIR', 'KABUPATEN OGAN ILIR', -3.43186, 104.62727, 16, NULL, NULL),
(1611, 'KABUPATEN EMPAT LAWANG', 'KABUPATEN EMPAT LAWANG', 3.22667, 99.09256, 16, NULL, NULL),
(1613, 'KABUPATEN MUSI RAWAS UTARA', 'KABUPATEN MUSI RAWAS UTARA', -2.48533, 103.29346, 16, NULL, NULL),
(1671, 'KOTA PALEMBANG', 'KOTA PALEMBANG', -3, 104.71667, 16, NULL, NULL),
(1672, 'KOTA PRABUMULIH', 'KOTA PRABUMULIH', -3.46202, 104.2229, 16, NULL, NULL),
(1673, 'KOTA PAGAR ALAM', 'KOTA PAGAR ALAM', -4.13055, 103.26822, 16, NULL, NULL),
(1674, 'KOTA LUBUK LINGGAU', 'KOTA LUBUK LINGGAU', -3.29308, 102.85503, 16, NULL, NULL),
(1701, 'KABUPATEN BENGKULU SELATAN', 'KABUPATEN BENGKULU SELATAN', -4.35, 103.03333, 17, NULL, NULL),
(1702, 'KABUPATEN REJANG LEBONG', 'KABUPATEN REJANG LEBONG', -3.43333, 102.71667, 17, NULL, NULL),
(1703, 'KABUPATEN BENGKULU UTARA', 'KABUPATEN BENGKULU UTARA', -3.33333, 102.05, 17, NULL, NULL),
(1704, 'KABUPATEN KAUR', 'KABUPATEN KAUR', -4.78179, 103.36109, 17, NULL, NULL),
(1705, 'KABUPATEN SELUMA', 'KABUPATEN SELUMA', -3.96644, 102.47429, 17, NULL, NULL),
(1706, 'KABUPATEN MUKOMUKO', 'KABUPATEN MUKOMUKO', -3.07438, 101.54766, 17, NULL, NULL),
(1707, 'KABUPATEN LEBONG', 'KABUPATEN LEBONG', -3.24278, 102.3349, 17, NULL, NULL),
(1708, 'KABUPATEN KEPAHIANG', 'KABUPATEN KEPAHIANG', -3.60194, 102.56424, 17, NULL, NULL),
(1709, 'KABUPATEN BENGKULU TENGAH', 'KABUPATEN BENGKULU TENGAH', -3.20679, 102.12616, 17, NULL, NULL),
(1771, 'KOTA BENGKULU', 'KOTA BENGKULU', -3.81667, 102.31667, 17, NULL, NULL),
(1801, 'KABUPATEN LAMPUNG BARAT', 'KABUPATEN LAMPUNG BARAT', -5.14904, 104.19309, 18, NULL, NULL),
(1802, 'KABUPATEN TANGGAMUS', 'KABUPATEN TANGGAMUS', -5.38508, 104.62349, 18, NULL, NULL),
(1803, 'KABUPATEN LAMPUNG SELATAN', 'KABUPATEN LAMPUNG SELATAN', -5.4531, 104.9877, 18, NULL, NULL),
(1804, 'KABUPATEN LAMPUNG TIMUR', 'KABUPATEN LAMPUNG TIMUR', -5.10273, 105.68003, 18, NULL, NULL),
(1805, 'KABUPATEN LAMPUNG TENGAH', 'KABUPATEN LAMPUNG TENGAH', -4.86667, 105.26667, 18, NULL, NULL),
(1806, 'KABUPATEN LAMPUNG UTARA', 'KABUPATEN LAMPUNG UTARA', -4.81667, 104.8, 18, NULL, NULL),
(1807, 'KABUPATEN WAY KANAN', 'KABUPATEN WAY KANAN', -4.44705, 104.52753, 18, NULL, NULL),
(1808, 'KABUPATEN TULANGBAWANG', 'KABUPATEN TULANGBAWANG', -4.20604, 105.57999, 18, NULL, NULL),
(1809, 'KABUPATEN PESAWARAN', 'KABUPATEN PESAWARAN', -5.4298, 105.17899, 18, NULL, NULL),
(1810, 'KABUPATEN PRINGSEWU', 'KABUPATEN PRINGSEWU', -5.42211, 104.93454, 18, NULL, NULL),
(1811, 'KABUPATEN MESUJI', 'KABUPATEN MESUJI', -4.0439, 105.4013, 18, NULL, NULL),
(1812, 'KABUPATEN TULANG BAWANG BARAT', 'KABUPATEN TULANG BAWANG BARAT', -4.43975, 105.0444, 18, NULL, NULL),
(1813, 'KABUPATEN PESISIR BARAT', 'KABUPATEN PESISIR BARAT', -5.19323, 103.93976, 18, NULL, NULL),
(1871, 'KOTA BANDAR LAMPUNG', 'KOTA BANDAR LAMPUNG', -5.41667, 105.25, 18, NULL, NULL),
(1872, 'KOTA METRO', 'KOTA METRO', -5.11856, 105.29949, 18, NULL, NULL),
(1901, 'KABUPATEN BANGKA', 'KABUPATEN BANGKA', -1.91667, 105.93333, 19, NULL, NULL),
(1902, 'KABUPATEN BELITUNG', 'KABUPATEN BELITUNG', -2.86667, 107.7, 19, NULL, NULL),
(1903, 'KABUPATEN BANGKA BARAT', 'KABUPATEN BANGKA BARAT', -1.95839, 105.53741, 19, NULL, NULL),
(1904, 'KABUPATEN BANGKA TENGAH', 'KABUPATEN BANGKA TENGAH', -2.33989, 106.1142, 19, NULL, NULL),
(1905, 'KABUPATEN BANGKA SELATAN', 'KABUPATEN BANGKA SELATAN', -2.66803, 106.01257, 19, NULL, NULL),
(1906, 'KABUPATEN BELITUNG TIMUR', 'KABUPATEN BELITUNG TIMUR', -2.9627, 108.15216, 19, NULL, NULL),
(1971, 'KOTA PANGKAL PINANG', 'KOTA PANGKAL PINANG', -2.13333, 106.13333, 19, NULL, NULL),
(2101, 'KABUPATEN KARIMUN', 'KABUPATEN KARIMUN', 0.80764, 103.41911, 21, NULL, NULL),
(2102, 'KABUPATEN BINTAN', 'KABUPATEN BINTAN', 0.95, 104.61944, 21, NULL, NULL),
(2103, 'KABUPATEN NATUNA', 'KABUPATEN NATUNA', 4.71417, 107.97639, 21, NULL, NULL),
(2104, 'KABUPATEN LINGGA', 'KABUPATEN LINGGA', 0.2, 104.61667, 21, NULL, NULL),
(2105, 'KABUPATEN KEPULAUAN ANAMBAS', 'KABUPATEN KEPULAUAN ANAMBAS', 3, 106, 21, NULL, NULL),
(2171, 'KOTA BATAM', 'KOTA BATAM', 1.05211, 104.02851, 21, NULL, NULL),
(2172, 'KOTA TANJUNG PINANG', 'KOTA TANJUNG PINANG', 0.91683, 104.44329, 21, NULL, NULL),
(3101, 'KABUPATEN KEPULAUAN SERIBU', 'KABUPATEN KEPULAUAN SERIBU', -5.5985, 106.55271, 31, NULL, NULL),
(3171, 'KOTA JAKARTA SELATAN', 'KOTA JAKARTA SELATAN', -6.266, 106.8135, 31, NULL, NULL),
(3172, 'KOTA JAKARTA TIMUR', 'KOTA JAKARTA TIMUR', -6.2521, 106.884, 31, NULL, NULL),
(3173, 'KOTA JAKARTA PUSAT', 'KOTA JAKARTA PUSAT', -6.1777, 106.8403, 31, NULL, NULL),
(3174, 'KOTA JAKARTA BARAT', 'KOTA JAKARTA BARAT', -6.1676, 106.7673, 31, NULL, NULL),
(3175, 'KOTA JAKARTA UTARA', 'KOTA JAKARTA UTARA', -6.1339, 106.8823, 31, NULL, NULL),
(3201, 'KABUPATEN BOGOR', 'KABUPATEN BOGOR', -6.58333, 106.71667, 32, NULL, NULL),
(3202, 'KABUPATEN SUKABUMI', 'KABUPATEN SUKABUMI', -7.06667, 106.7, 32, NULL, NULL),
(3203, 'KABUPATEN CIANJUR', 'KABUPATEN CIANJUR', -6.7725, 107.08306, 32, NULL, NULL),
(3204, 'KABUPATEN BANDUNG', 'KABUPATEN BANDUNG', -7.1, 107.6, 32, NULL, NULL),
(3205, 'KABUPATEN GARUT', 'KABUPATEN GARUT', -7.38333, 107.76667, 32, NULL, NULL),
(3206, 'KABUPATEN TASIKMALAYA', 'KABUPATEN TASIKMALAYA', -7.5, 108.13333, 32, NULL, NULL),
(3207, 'KABUPATEN CIAMIS', 'KABUPATEN CIAMIS', -7.28333, 108.41667, 32, NULL, NULL),
(3208, 'KABUPATEN KUNINGAN', 'KABUPATEN KUNINGAN', -7, 108.55, 32, NULL, NULL),
(3209, 'KABUPATEN CIREBON', 'KABUPATEN CIREBON', -6.8, 108.56667, 32, NULL, NULL),
(3210, 'KABUPATEN MAJALENGKA', 'KABUPATEN MAJALENGKA', -6.81667, 108.28333, 32, NULL, NULL),
(3211, 'KABUPATEN SUMEDANG', 'KABUPATEN SUMEDANG', -6.81667, 107.98333, 32, NULL, NULL),
(3212, 'KABUPATEN INDRAMAYU', 'KABUPATEN INDRAMAYU', -6.45, 108.16667, 32, NULL, NULL),
(3213, 'KABUPATEN SUBANG', 'KABUPATEN SUBANG', -6.50833, 107.7025, 32, NULL, NULL),
(3214, 'KABUPATEN PURWAKARTA', 'KABUPATEN PURWAKARTA', -6.58333, 107.45, 32, NULL, NULL),
(3215, 'KABUPATEN KARAWANG', 'KABUPATEN KARAWANG', -6.26667, 107.41667, 32, NULL, NULL),
(3216, 'KABUPATEN BEKASI', 'KABUPATEN BEKASI', -6.24667, 107.10833, 32, NULL, NULL),
(3217, 'KABUPATEN BANDUNG BARAT', 'KABUPATEN BANDUNG BARAT', -6.83333, 107.48333, 32, NULL, NULL),
(3218, 'KABUPATEN PANGANDARAN', 'KABUPATEN PANGANDARAN', -7.6673, 108.64037, 32, NULL, NULL),
(3271, 'KOTA BOGOR', 'KOTA BOGOR', -6.59167, 106.8, 32, NULL, NULL),
(3272, 'KOTA SUKABUMI', 'KOTA SUKABUMI', -6.95, 106.93333, 32, NULL, NULL),
(3273, 'KOTA BANDUNG', 'KOTA BANDUNG', -6.9175, 107.62444, 32, NULL, NULL),
(3274, 'KOTA CIREBON', 'KOTA CIREBON', -6.75, 108.55, 32, NULL, NULL),
(3275, 'KOTA BEKASI', 'KOTA BEKASI', -6.28333, 106.98333, 32, NULL, NULL),
(3276, 'KOTA DEPOK', 'KOTA DEPOK', -6.4, 106.81667, 32, NULL, NULL),
(3277, 'KOTA CIMAHI', 'KOTA CIMAHI', -6.89167, 107.55, 32, NULL, NULL),
(3278, 'KOTA TASIKMALAYA', 'KOTA TASIKMALAYA', -7.35, 108.21667, 32, NULL, NULL),
(3279, 'KOTA BANJAR', 'KOTA BANJAR', -7.36996, 108.53209, 32, NULL, NULL),
(3301, 'KABUPATEN CILACAP', 'KABUPATEN CILACAP', -7.57417, 108.98861, 33, NULL, NULL),
(3302, 'KABUPATEN BANYUMAS', 'KABUPATEN BANYUMAS', -7.45, 109.16667, 33, NULL, NULL),
(3303, 'KABUPATEN PURBALINGGA', 'KABUPATEN PURBALINGGA', -7.28417, 109.35028, 33, NULL, NULL),
(3304, 'KABUPATEN BANJARNEGARA', 'KABUPATEN BANJARNEGARA', -7.35111, 109.5875, 33, NULL, NULL),
(3305, 'KABUPATEN KEBUMEN', 'KABUPATEN KEBUMEN', -7.63917, 109.66056, 33, NULL, NULL),
(3306, 'KABUPATEN PURWOREJO', 'KABUPATEN PURWOREJO', -7.7, 109.96667, 33, NULL, NULL),
(3307, 'KABUPATEN WONOSOBO', 'KABUPATEN WONOSOBO', -7.36139, 109.92667, 33, NULL, NULL),
(3308, 'KABUPATEN MAGELANG', 'KABUPATEN MAGELANG', -7.4275, 110.16194, 33, NULL, NULL),
(3309, 'KABUPATEN BOYOLALI', 'KABUPATEN BOYOLALI', -7.5, 110.7, 33, NULL, NULL),
(3310, 'KABUPATEN KLATEN', 'KABUPATEN KLATEN', -7.68333, 110.61667, 33, NULL, NULL),
(3311, 'KABUPATEN SUKOHARJO', 'KABUPATEN SUKOHARJO', -7.68333, 110.83333, 33, NULL, NULL),
(3312, 'KABUPATEN WONOGIRI', 'KABUPATEN WONOGIRI', -7.91667, 111, 33, NULL, NULL),
(3313, 'KABUPATEN KARANGANYAR', 'KABUPATEN KARANGANYAR', -7.62806, 111.0625, 33, NULL, NULL),
(3314, 'KABUPATEN SRAGEN', 'KABUPATEN SRAGEN', -7.41278, 110.935, 33, NULL, NULL),
(3315, 'KABUPATEN GROBOGAN', 'KABUPATEN GROBOGAN', -7.11667, 110.91667, 33, NULL, NULL),
(3316, 'KABUPATEN BLORA', 'KABUPATEN BLORA', -7.06667, 111.38333, 33, NULL, NULL),
(3317, 'KABUPATEN REMBANG', 'KABUPATEN REMBANG', -6.78333, 111.46667, 33, NULL, NULL),
(3318, 'KABUPATEN PATI', 'KABUPATEN PATI', -6.76667, 111.1, 33, NULL, NULL),
(3319, 'KABUPATEN KUDUS', 'KABUPATEN KUDUS', -6.8, 110.86667, 33, NULL, NULL),
(3320, 'KABUPATEN JEPARA', 'KABUPATEN JEPARA', -6.58333, 110.76667, 33, NULL, NULL),
(3321, 'KABUPATEN DEMAK', 'KABUPATEN DEMAK', -6.8993, 110.6122, 33, NULL, NULL),
(3322, 'KABUPATEN SEMARANG', 'KABUPATEN SEMARANG', -7.20667, 110.44139, 33, NULL, NULL),
(3323, 'KABUPATEN TEMANGGUNG', 'KABUPATEN TEMANGGUNG', -7.25, 110.11667, 33, NULL, NULL),
(3324, 'KABUPATEN KENDAL', 'KABUPATEN KENDAL', -7.0256, 110.1685, 33, NULL, NULL),
(3325, 'KABUPATEN BATANG', 'KABUPATEN BATANG', -7.03333, 109.88333, 33, NULL, NULL),
(3326, 'KABUPATEN PEKALONGAN', 'KABUPATEN PEKALONGAN', -7.0319, 109.624, 33, NULL, NULL),
(3327, 'KABUPATEN PEMALANG', 'KABUPATEN PEMALANG', -7.03333, 109.4, 33, NULL, NULL),
(3328, 'KABUPATEN TEGAL', 'KABUPATEN TEGAL', -7.03333, 109.16667, 33, NULL, NULL),
(3329, 'KABUPATEN BREBES', 'KABUPATEN BREBES', -7.05, 108.9, 33, NULL, NULL),
(3371, 'KOTA MAGELANG', 'KOTA MAGELANG', -7.5, 110.225, 33, NULL, NULL),
(3372, 'KOTA SURAKARTA', 'KOTA SURAKARTA', -7.55, 110.81667, 33, NULL, NULL),
(3373, 'KOTA SALATIGA', 'KOTA SALATIGA', -7.33278, 110.48333, 33, NULL, NULL),
(3374, 'KOTA SEMARANG', 'KOTA SEMARANG', -7.03333, 110.38333, 33, NULL, NULL),
(3375, 'KOTA PEKALONGAN', 'KOTA PEKALONGAN', -6.9, 109.68333, 33, NULL, NULL),
(3376, 'KOTA TEGAL', 'KOTA TEGAL', -6.8686, 109.1129, 33, NULL, NULL),
(3401, 'KABUPATEN KULON PROGO', 'KABUPATEN KULON PROGO', -7.645, 110.02694, 34, NULL, NULL),
(3402, 'KABUPATEN BANTUL', 'KABUPATEN BANTUL', -7.9, 110.36667, 34, NULL, NULL),
(3403, 'KABUPATEN GUNUNG KIDUL', 'KABUPATEN GUNUNG KIDUL', -7.98333, 110.61667, 34, NULL, NULL),
(3404, 'KABUPATEN SLEMAN', 'KABUPATEN SLEMAN', -7.68167, 110.32333, 34, NULL, NULL),
(3471, 'KOTA YOGYAKARTA', 'KOTA YOGYAKARTA', -7.8, 110.375, 34, NULL, NULL),
(3501, 'KABUPATEN PACITAN', 'KABUPATEN PACITAN', -8.13333, 111.16667, 35, NULL, NULL),
(3502, 'KABUPATEN PONOROGO', 'KABUPATEN PONOROGO', -7.93333, 111.5, 35, NULL, NULL),
(3503, 'KABUPATEN TRENGGALEK', 'KABUPATEN TRENGGALEK', -8.16667, 111.61667, 35, NULL, NULL),
(3504, 'KABUPATEN TULUNGAGUNG', 'KABUPATEN TULUNGAGUNG', -8.11667, 111.91667, 35, NULL, NULL),
(3505, 'KABUPATEN BLITAR', 'KABUPATEN BLITAR', -8.13333, 112.25, 35, NULL, NULL),
(3506, 'KABUPATEN KEDIRI', 'KABUPATEN KEDIRI', -7.83333, 112.16667, 35, NULL, NULL),
(3507, 'KABUPATEN MALANG', 'KABUPATEN MALANG', -8.16667, 112.66667, 35, NULL, NULL),
(3508, 'KABUPATEN LUMAJANG', 'KABUPATEN LUMAJANG', -8.11667, 113.15, 35, NULL, NULL),
(3509, 'KABUPATEN JEMBER', 'KABUPATEN JEMBER', -8.25, 113.65, 35, NULL, NULL),
(3510, 'KABUPATEN BANYUWANGI', 'KABUPATEN BANYUWANGI', -8.33333, 114.2, 35, NULL, NULL),
(3511, 'KABUPATEN BONDOWOSO', 'KABUPATEN BONDOWOSO', -7.9404, 113.9834, 35, NULL, NULL),
(3512, 'KABUPATEN SITUBONDO', 'KABUPATEN SITUBONDO', -7.71667, 114.05, 35, NULL, NULL),
(3513, 'KABUPATEN PROBOLINGGO', 'KABUPATEN PROBOLINGGO', -7.86667, 113.31667, 35, NULL, NULL),
(3514, 'KABUPATEN PASURUAN', 'KABUPATEN PASURUAN', -7.73333, 112.83333, 35, NULL, NULL),
(3515, 'KABUPATEN SIDOARJO', 'KABUPATEN SIDOARJO', -7.45, 112.7, 35, NULL, NULL),
(3516, 'KABUPATEN MOJOKERTO', 'KABUPATEN MOJOKERTO', -7.55, 112.5, 35, NULL, NULL),
(3517, 'KABUPATEN JOMBANG', 'KABUPATEN JOMBANG', -7.55, 112.25, 35, NULL, NULL),
(3518, 'KABUPATEN NGANJUK', 'KABUPATEN NGANJUK', -7.6, 111.93333, 35, NULL, NULL),
(3519, 'KABUPATEN MADIUN', 'KABUPATEN MADIUN', -7.61667, 111.65, 35, NULL, NULL),
(3520, 'KABUPATEN MAGETAN', 'KABUPATEN MAGETAN', -7.64472, 111.35917, 35, NULL, NULL),
(3521, 'KABUPATEN NGAWI', 'KABUPATEN NGAWI', -7.47444, 111.33444, 35, NULL, NULL),
(3522, 'KABUPATEN BOJONEGORO', 'KABUPATEN BOJONEGORO', -7.25, 111.8, 35, NULL, NULL),
(3523, 'KABUPATEN TUBAN', 'KABUPATEN TUBAN', -6.96667, 111.9, 35, NULL, NULL),
(3524, 'KABUPATEN LAMONGAN', 'KABUPATEN LAMONGAN', -7.13333, 112.31667, 35, NULL, NULL),
(3525, 'KABUPATEN GRESIK', 'KABUPATEN GRESIK', -7.1933, 112.553, 35, NULL, NULL),
(3526, 'KABUPATEN BANGKALAN', 'KABUPATEN BANGKALAN', -7.05, 112.93333, 35, NULL, NULL),
(3527, 'KABUPATEN SAMPANG', 'KABUPATEN SAMPANG', -7.05, 113.25, 35, NULL, NULL),
(3528, 'KABUPATEN PAMEKASAN', 'KABUPATEN PAMEKASAN', -7.06667, 113.5, 35, NULL, NULL),
(3529, 'KABUPATEN SUMENEP', 'KABUPATEN SUMENEP', -7.11667, 114.33333, 35, NULL, NULL),
(3571, 'KOTA KEDIRI', 'KOTA KEDIRI', -7.83333, 112.01667, 35, NULL, NULL),
(3572, 'KOTA BLITAR', 'KOTA BLITAR', -8.1, 112.16667, 35, NULL, NULL),
(3573, 'KOTA MALANG', 'KOTA MALANG', -7.975, 112.63333, 35, NULL, NULL),
(3574, 'KOTA PROBOLINGGO', 'KOTA PROBOLINGGO', -7.78333, 113.21667, 35, NULL, NULL),
(3575, 'KOTA PASURUAN', 'KOTA PASURUAN', -7.65, 112.9, 35, NULL, NULL),
(3576, 'KOTA MOJOKERTO', 'KOTA MOJOKERTO', -7.46667, 112.43333, 35, NULL, NULL),
(3577, 'KOTA MADIUN', 'KOTA MADIUN', -7.63333, 111.53333, 35, NULL, NULL),
(3578, 'KOTA SURABAYA', 'KOTA SURABAYA', -7.26667, 112.71667, 35, NULL, NULL),
(3579, 'KOTA BATU', 'KOTA BATU', -7.83272, 112.53751, 35, NULL, NULL),
(3601, 'KABUPATEN PANDEGLANG', 'KABUPATEN PANDEGLANG', -6.63333, 105.75, 36, NULL, NULL),
(3602, 'KABUPATEN LEBAK', 'KABUPATEN LEBAK', -6.65, 106.21667, 36, NULL, NULL),
(3603, 'KABUPATEN TANGERANG', 'KABUPATEN TANGERANG', -6.2, 106.46667, 36, NULL, NULL),
(3604, 'KABUPATEN SERANG', 'KABUPATEN SERANG', -6.15, 106, 36, NULL, NULL),
(3671, 'KOTA TANGERANG', 'KOTA TANGERANG', -6.17944, 106.62991, 36, NULL, NULL),
(3672, 'KOTA CILEGON', 'KOTA CILEGON', -6.01667, 106.01667, 36, NULL, NULL),
(3673, 'KOTA SERANG', 'KOTA SERANG', -6.12563, 106.14999, 36, NULL, NULL),
(3674, 'KOTA TANGERANG SELATAN', 'KOTA TANGERANG SELATAN', -6.29373, 106.71244, 36, NULL, NULL),
(5101, 'KABUPATEN JEMBRANA', 'KABUPATEN JEMBRANA', -8.3, 114.66667, 51, NULL, NULL),
(5102, 'KABUPATEN TABANAN', 'KABUPATEN TABANAN', -8.43333, 115.06667, 51, NULL, NULL),
(5103, 'KABUPATEN BADUNG', 'KABUPATEN BADUNG', -8.51667, 115.2, 51, NULL, NULL),
(5104, 'KABUPATEN GIANYAR', 'KABUPATEN GIANYAR', -8.46667, 115.28333, 51, NULL, NULL),
(5105, 'KABUPATEN KLUNGKUNG', 'KABUPATEN KLUNGKUNG', -8.55, 115.4, 51, NULL, NULL),
(5106, 'KABUPATEN BANGLI', 'KABUPATEN BANGLI', -8.28333, 115.35, 51, NULL, NULL),
(5107, 'KABUPATEN KARANG ASEM', 'KABUPATEN KARANG ASEM', -8.3891, 115.5393, 51, NULL, NULL),
(5108, 'KABUPATEN BULELENG', 'KABUPATEN BULELENG', -8.25, 114.96667, 51, NULL, NULL),
(5171, 'KOTA DENPASAR', 'KOTA DENPASAR', -8.66667, 115.21663, 51, NULL, NULL),
(5201, 'KABUPATEN LOMBOK BARAT', 'KABUPATEN LOMBOK BARAT', -8.69583, 116.11667, 52, NULL, NULL),
(5202, 'KABUPATEN LOMBOK TENGAH', 'KABUPATEN LOMBOK TENGAH', -8.7, 116.3, 52, NULL, NULL),
(5203, 'KABUPATEN LOMBOK TIMUR', 'KABUPATEN LOMBOK TIMUR', -8.53333, 116.53333, 52, NULL, NULL),
(5204, 'KABUPATEN SUMBAWA', 'KABUPATEN SUMBAWA', -8.7439, 117.3324, 52, NULL, NULL),
(5205, 'KABUPATEN DOMPU', 'KABUPATEN DOMPU', -8.5094, 118.4816, 52, NULL, NULL),
(5206, 'KABUPATEN BIMA', 'KABUPATEN BIMA', -8.6, 118.61667, 52, NULL, NULL),
(5207, 'KABUPATEN SUMBAWA BARAT', 'KABUPATEN SUMBAWA BARAT', -8.75159, 116.92132, 52, NULL, NULL),
(5208, 'KABUPATEN LOMBOK UTARA', 'KABUPATEN LOMBOK UTARA', -8.35214, 116.40152, 52, NULL, NULL),
(5271, 'KOTA MATARAM', 'KOTA MATARAM', -8.5833, 116.1167, 52, NULL, NULL),
(5272, 'KOTA BIMA', 'KOTA BIMA', -8.46728, 118.75259, 52, NULL, NULL),
(5301, 'KABUPATEN SUMBA BARAT', 'KABUPATEN SUMBA BARAT', -9.56667, 119.45, 53, NULL, NULL),
(5302, 'KABUPATEN SUMBA TIMUR', 'KABUPATEN SUMBA TIMUR', -9.88333, 120.25, 53, NULL, NULL),
(5303, 'KABUPATEN KUPANG', 'KABUPATEN KUPANG', -9.91667, 123.83333, 53, NULL, NULL),
(5304, 'KABUPATEN TIMOR TENGAH SELATAN', 'KABUPATEN TIMOR TENGAH SELATAN', -9.83333, 124.4, 53, NULL, NULL),
(5305, 'KABUPATEN TIMOR TENGAH UTARA', 'KABUPATEN TIMOR TENGAH UTARA', -9.33136, 124.51904, 53, NULL, NULL),
(5306, 'KABUPATEN BELU', 'KABUPATEN BELU', -9.41258, 124.95066, 53, NULL, NULL),
(5307, 'KABUPATEN ALOR', 'KABUPATEN ALOR', -8.3, 124.56667, 53, NULL, NULL),
(5308, 'KABUPATEN LEMBATA', 'KABUPATEN LEMBATA', -8.41396, 123.55225, 53, NULL, NULL),
(5309, 'KABUPATEN FLORES TIMUR', 'KABUPATEN FLORES TIMUR', -8.24224, 122.96817, 53, NULL, NULL),
(5310, 'KABUPATEN SIKKA', 'KABUPATEN SIKKA', -8.66667, 122.36667, 53, NULL, NULL),
(5311, 'KABUPATEN ENDE', 'KABUPATEN ENDE', -8.84056, 121.66389, 53, NULL, NULL),
(5312, 'KABUPATEN NGADA', 'KABUPATEN NGADA', -8.66667, 121, 53, NULL, NULL),
(5313, 'KABUPATEN MANGGARAI', 'KABUPATEN MANGGARAI', -8.56667, 120.41667, 53, NULL, NULL),
(5314, 'KABUPATEN ROTE NDAO', 'KABUPATEN ROTE NDAO', -10.73617, 123.12054, 53, NULL, NULL),
(5315, 'KABUPATEN MANGGARAI BARAT', 'KABUPATEN MANGGARAI BARAT', -8.64484, 119.88281, 53, NULL, NULL),
(5316, 'KABUPATEN SUMBA TENGAH', 'KABUPATEN SUMBA TENGAH', -9.62941, 119.61914, 53, NULL, NULL),
(5317, 'KABUPATEN SUMBA BARAT DAYA', 'KABUPATEN SUMBA BARAT DAYA', -9.56216, 119.08905, 53, NULL, NULL),
(5318, 'KABUPATEN NAGEKEO', 'KABUPATEN NAGEKEO', -8.8721, 121.20963, 53, NULL, NULL),
(5319, 'KABUPATEN MANGGARAI TIMUR', 'KABUPATEN MANGGARAI TIMUR', -8.55533, 120.59761, 53, NULL, NULL),
(5320, 'KABUPATEN SABU RAIJUA', 'KABUPATEN SABU RAIJUA', -10.56286, 121.78894, 53, NULL, NULL),
(5321, 'KABUPATEN MALAKA', 'KABUPATEN MALAKA', -9.5632, 124.89481, 53, NULL, NULL),
(5371, 'KOTA KUPANG', 'KOTA KUPANG', -10.21667, 123.6, 53, NULL, NULL),
(6101, 'KABUPATEN SAMBAS', 'KABUPATEN SAMBAS', 1.41667, 109.33333, 61, NULL, NULL),
(6102, 'KABUPATEN BENGKAYANG', 'KABUPATEN BENGKAYANG', 1.06911, 109.66393, 61, NULL, NULL),
(6103, 'KABUPATEN LANDAK', 'KABUPATEN LANDAK', 0.42373, 109.75917, 61, NULL, NULL),
(6104, 'KABUPATEN MEMPAWAH', 'KABUPATEN MEMPAWAH', 0.25, 109.16667, 61, NULL, NULL),
(6105, 'KABUPATEN SANGGAU', 'KABUPATEN SANGGAU', 0.25472, 110.45, 61, NULL, NULL),
(6106, 'KABUPATEN KETAPANG', 'KABUPATEN KETAPANG', -1.58333, 110.5, 61, NULL, NULL),
(6107, 'KABUPATEN SINTANG', 'KABUPATEN SINTANG', -0.08333, 112.08333, 61, NULL, NULL),
(6108, 'KABUPATEN KAPUAS HULU', 'KABUPATEN KAPUAS HULU', 0.81667, 112.76667, 61, NULL, NULL),
(6109, 'KABUPATEN SEKADAU', 'KABUPATEN SEKADAU', 0.03485, 110.95066, 61, NULL, NULL),
(6110, 'KABUPATEN MELAWI', 'KABUPATEN MELAWI', -0.33617, 111.698, 61, NULL, NULL),
(6111, 'KABUPATEN KAYONG UTARA', 'KABUPATEN KAYONG UTARA', -1.43711, 110.79781, 61, NULL, NULL),
(6112, 'KABUPATEN KUBU RAYA', 'KABUPATEN KUBU RAYA', 0.01637, 109.33731, 61, NULL, NULL),
(6171, 'KOTA PONTIANAK', 'KOTA PONTIANAK', -0.08333, 109.36667, 61, NULL, NULL),
(6172, 'KOTA SINGKAWANG', 'KOTA SINGKAWANG', 0.90734, 109.00103, 61, NULL, NULL),
(6201, 'KABUPATEN KOTAWARINGIN BARAT', 'KABUPATEN KOTAWARINGIN BARAT', -2.4, 111.73333, 62, NULL, NULL),
(6202, 'KABUPATEN KOTAWARINGIN TIMUR', 'KABUPATEN KOTAWARINGIN TIMUR', -2.08333, 112.75, 62, NULL, NULL),
(6203, 'KABUPATEN KAPUAS', 'KABUPATEN KAPUAS', -2.01667, 114.38333, 62, NULL, NULL),
(6204, 'KABUPATEN BARITO SELATAN', 'KABUPATEN BARITO SELATAN', -1.86667, 114.73333, 62, NULL, NULL),
(6205, 'KABUPATEN BARITO UTARA', 'KABUPATEN BARITO UTARA', -0.98333, 115.1, 62, NULL, NULL),
(6206, 'KABUPATEN SUKAMARA', 'KABUPATEN SUKAMARA', -2.62675, 111.23681, 62, NULL, NULL),
(6207, 'KABUPATEN LAMANDAU', 'KABUPATEN LAMANDAU', -1.83828, 111.2869, 62, NULL, NULL),
(6208, 'KABUPATEN SERUYAN', 'KABUPATEN SERUYAN', -2.33333, 112.25, 62, NULL, NULL),
(6209, 'KABUPATEN KATINGAN', 'KABUPATEN KATINGAN', -2.06667, 113.4, 62, NULL, NULL),
(6210, 'KABUPATEN PULANG PISAU', 'KABUPATEN PULANG PISAU', -3.11858, 113.8623, 62, NULL, NULL),
(6211, 'KABUPATEN GUNUNG MAS', 'KABUPATEN GUNUNG MAS', -0.95, 113.5, 62, NULL, NULL),
(6212, 'KABUPATEN BARITO TIMUR', 'KABUPATEN BARITO TIMUR', -1.93333, 115.1, 62, NULL, NULL),
(6213, 'KABUPATEN MURUNG RAYA', 'KABUPATEN MURUNG RAYA', -0.01667, 114.26667, 62, NULL, NULL),
(6271, 'KOTA PALANGKA RAYA', 'KOTA PALANGKA RAYA', -1.76979, 113.73126, 62, NULL, NULL),
(6301, 'KABUPATEN TANAH LAUT', 'KABUPATEN TANAH LAUT', -3.88333, 114.86667, 63, NULL, NULL),
(6302, 'KABUPATEN KOTA BARU', 'KABUPATEN KOTA BARU', -3, 116, 63, NULL, NULL),
(6303, 'KABUPATEN BANJAR', 'KABUPATEN BANJAR', -3.31667, 115.08333, 63, NULL, NULL),
(6304, 'KABUPATEN BARITO KUALA', 'KABUPATEN BARITO KUALA', -3.08333, 114.61667, 63, NULL, NULL),
(6305, 'KABUPATEN TAPIN', 'KABUPATEN TAPIN', -2.91667, 115.03333, 63, NULL, NULL),
(6306, 'KABUPATEN HULU SUNGAI SELATAN', 'KABUPATEN HULU SUNGAI SELATAN', -2.75, 115.2, 63, NULL, NULL),
(6307, 'KABUPATEN HULU SUNGAI TENGAH', 'KABUPATEN HULU SUNGAI TENGAH', -2.61667, 115.41667, 63, NULL, NULL),
(6308, 'KABUPATEN HULU SUNGAI UTARA', 'KABUPATEN HULU SUNGAI UTARA', -2.45, 115.13333, 63, NULL, NULL),
(6309, 'KABUPATEN TABALONG', 'KABUPATEN TABALONG', -1.88333, 115.5, 63, NULL, NULL),
(6310, 'KABUPATEN TANAH BUMBU', 'KABUPATEN TANAH BUMBU', -3.45413, 115.70372, 63, NULL, NULL),
(6311, 'KABUPATEN BALANGAN', 'KABUPATEN BALANGAN', -2.32314, 115.62922, 63, NULL, NULL),
(6371, 'KOTA BANJARMASIN', 'KOTA BANJARMASIN', -3.32444, 114.59102, 63, NULL, NULL),
(6372, 'KOTA BANJAR BARU', 'KOTA BANJAR BARU', -3.41667, 114.83333, 63, NULL, NULL),
(6401, 'KABUPATEN PASER', 'KABUPATEN PASER', -1.43517, 116.23535, 64, NULL, NULL),
(6402, 'KABUPATEN KUTAI BARAT', 'KABUPATEN KUTAI BARAT', -0.59417, 115.51575, 64, NULL, NULL),
(6403, 'KABUPATEN KUTAI KARTANEGARA', 'KABUPATEN KUTAI KARTANEGARA', -0.44019, 116.98139, 64, NULL, NULL),
(6404, 'KABUPATEN KUTAI TIMUR', 'KABUPATEN KUTAI TIMUR', 1.03769, 117.83112, 64, NULL, NULL),
(6405, 'KABUPATEN BERAU', 'KABUPATEN BERAU', 2, 117.3, 64, NULL, NULL),
(6409, 'KABUPATEN PENAJAM PASER UTARA', 'KABUPATEN PENAJAM PASER UTARA', -1.25, 116.83333, 64, NULL, NULL),
(6411, 'KABUPATEN MAHAKAM HULU', 'KABUPATEN MAHAKAM HULU', 0.37822, 115.38048, 64, NULL, NULL),
(6471, 'KOTA BALIKPAPAN', 'KOTA BALIKPAPAN', -1.16667, 116.88333, 64, NULL, NULL),
(6472, 'KOTA SAMARINDA', 'KOTA SAMARINDA', -0.43333, 117.18333, 64, NULL, NULL),
(6474, 'KOTA BONTANG', 'KOTA BONTANG', 0.12526, 117.49603, 64, NULL, NULL),
(6501, 'KABUPATEN MALINAU', 'KABUPATEN MALINAU', 2.45, 115.68333, 65, NULL, NULL),
(6502, 'KABUPATEN BULUNGAN', 'KABUPATEN BULUNGAN', 3, 117.16667, 65, NULL, NULL),
(6503, 'KABUPATEN TANA TIDUNG', 'KABUPATEN TANA TIDUNG', 3.55, 117.25, 65, NULL, NULL),
(6504, 'KABUPATEN NUNUKAN', 'KABUPATEN NUNUKAN', 4.13333, 116.7, 65, NULL, NULL),
(6571, 'KOTA TARAKAN', 'KOTA TARAKAN', 3.36667, 117.6, 65, NULL, NULL),
(7101, 'KABUPATEN BOLAANG MONGONDOW', 'KABUPATEN BOLAANG MONGONDOW', 0.75, 124.08333, 71, NULL, NULL),
(7102, 'KABUPATEN MINAHASA', 'KABUPATEN MINAHASA', 1.2537, 124.83, 71, NULL, NULL),
(7103, 'KABUPATEN KEPULAUAN SANGIHE', 'KABUPATEN KEPULAUAN SANGIHE', 3.5, 125.55, 71, NULL, NULL),
(7104, 'KABUPATEN KEPULAUAN TALAUD', 'KABUPATEN KEPULAUAN TALAUD', 4.31178, 126.78085, 71, NULL, NULL),
(7105, 'KABUPATEN MINAHASA SELATAN', 'KABUPATEN MINAHASA SELATAN', 1.21291, 124.59708, 71, NULL, NULL),
(7106, 'KABUPATEN MINAHASA UTARA', 'KABUPATEN MINAHASA UTARA', 1.4025, 124.96, 71, NULL, NULL),
(7107, 'KABUPATEN BOLAANG MONGONDOW UTARA', 'KABUPATEN BOLAANG MONGONDOW UTARA', 0.78527, 123.41766, 71, NULL, NULL),
(7108, 'KABUPATEN SIAU TAGULANDANG BIARO', 'KABUPATEN SIAU TAGULANDANG BIARO', 2.11728, 125.37512, 71, NULL, NULL),
(7109, 'KABUPATEN MINAHASA TENGGARA', 'KABUPATEN MINAHASA TENGGARA', 1.05633, 124.7925, 71, NULL, NULL),
(7110, 'KABUPATEN BOLAANG MONGONDOW SELATAN', 'KABUPATEN BOLAANG MONGONDOW SELATAN', 0.40912, 123.75961, 71, NULL, NULL),
(7111, 'KABUPATEN BOLAANG MONGONDOW TIMUR', 'KABUPATEN BOLAANG MONGONDOW TIMUR', 0.72073, 124.50256, 71, NULL, NULL),
(7171, 'KOTA MANADO', 'KOTA MANADO', 1.51667, 124.88333, 71, NULL, NULL),
(7172, 'KOTA BITUNG', 'KOTA BITUNG', 1.48333, 125.15, 71, NULL, NULL),
(7173, 'KOTA TOMOHON', 'KOTA TOMOHON', 1.31307, 124.83404, 71, NULL, NULL),
(7174, 'KOTA KOTAMOBAGU', 'KOTA KOTAMOBAGU', 0.68915, 124.32678, 71, NULL, NULL),
(7201, 'KABUPATEN BANGGAI KEPULAUAN', 'KABUPATEN BANGGAI KEPULAUAN', -1.6424, 123.54881, 72, NULL, NULL),
(7202, 'KABUPATEN BANGGAI', 'KABUPATEN BANGGAI', -1.2835, 122.8892, 72, NULL, NULL),
(7203, 'KABUPATEN MOROWALI', 'KABUPATEN MOROWALI', -1.89342, 121.25473, 72, NULL, NULL),
(7204, 'KABUPATEN POSO', 'KABUPATEN POSO', -1.65, 120.5, 72, NULL, NULL),
(7205, 'KABUPATEN DONGGALA', 'KABUPATEN DONGGALA', -0.58333, 119.85, 72, NULL, NULL),
(7206, 'KABUPATEN TOLI-TOLI', 'KABUPATEN TOLI-TOLI', 1.30862, 120.88643, 72, NULL, NULL),
(7207, 'KABUPATEN BUOL', 'KABUPATEN BUOL', 0.75, 120.75, 72, NULL, NULL),
(7208, 'KABUPATEN PARIGI MOUTONG', 'KABUPATEN PARIGI MOUTONG', 0.3368, 120.17841, 72, NULL, NULL),
(7209, 'KABUPATEN TOJO UNA-UNA', 'KABUPATEN TOJO UNA-UNA', -1.2036, 121.48201, 72, NULL, NULL),
(7210, 'KABUPATEN SIGI', 'KABUPATEN SIGI', -1.385, 119.96694, 72, NULL, NULL),
(7211, 'KABUPATEN BANGGAI LAUT', 'KABUPATEN BANGGAI LAUT', -1.61841, 123.49388, 72, NULL, NULL),
(7212, 'KABUPATEN MOROWALI UTARA', 'KABUPATEN MOROWALI UTARA', -1.7207, 121.24649, 72, NULL, NULL),
(7271, 'KOTA PALU', 'KOTA PALU', -0.86972, 119.9, 72, NULL, NULL),
(7301, 'KABUPATEN KEPULAUAN SELAYAR', 'KABUPATEN KEPULAUAN SELAYAR', -6.81667, 120.8, 73, NULL, NULL),
(7302, 'KABUPATEN BULUKUMBA', 'KABUPATEN BULUKUMBA', -5.41667, 120.23333, 73, NULL, NULL),
(7303, 'KABUPATEN BANTAENG', 'KABUPATEN BANTAENG', -5.48333, 119.98333, 73, NULL, NULL),
(7304, 'KABUPATEN JENEPONTO', 'KABUPATEN JENEPONTO', -5.63333, 119.73333, 73, NULL, NULL),
(7305, 'KABUPATEN TAKALAR', 'KABUPATEN TAKALAR', -5.41667, 119.51667, 73, NULL, NULL),
(7306, 'KABUPATEN GOWA', 'KABUPATEN GOWA', -5.31667, 119.75, 73, NULL, NULL),
(7307, 'KABUPATEN SINJAI', 'KABUPATEN SINJAI', -5.21667, 120.15, 73, NULL, NULL),
(7308, 'KABUPATEN MAROS', 'KABUPATEN MAROS', -5.05, 119.71667, 73, NULL, NULL),
(7309, 'KABUPATEN PANGKAJENE DAN KEPULAUAN', 'KABUPATEN PANGKAJENE DAN KEPULAUAN', -4.7827, 119.5506, 73, NULL, NULL),
(7310, 'KABUPATEN BARRU', 'KABUPATEN BARRU', -4.43333, 119.68333, 73, NULL, NULL),
(7311, 'KABUPATEN BONE', 'KABUPATEN BONE', -4.7, 120.13333, 73, NULL, NULL),
(7312, 'KABUPATEN SOPPENG', 'KABUPATEN SOPPENG', -4.3842, 119.89, 73, NULL, NULL),
(7313, 'KABUPATEN WAJO', 'KABUPATEN WAJO', -4, 120.16667, 73, NULL, NULL),
(7314, 'KABUPATEN SIDENRENG RAPPANG', 'KABUPATEN SIDENRENG RAPPANG', -3.85, 119.96667, 73, NULL, NULL),
(7315, 'KABUPATEN PINRANG', 'KABUPATEN PINRANG', -3.61667, 119.6, 73, NULL, NULL),
(7316, 'KABUPATEN ENREKANG', 'KABUPATEN ENREKANG', -3.5, 119.86667, 73, NULL, NULL),
(7317, 'KABUPATEN LUWU', 'KABUPATEN LUWU', -2.5577, 121.3242, 73, NULL, NULL),
(7318, 'KABUPATEN TANA TORAJA', 'KABUPATEN TANA TORAJA', -3.0024, 119.79655, 73, NULL, NULL),
(7322, 'KABUPATEN LUWU UTARA', 'KABUPATEN LUWU UTARA', -2.6, 120.25, 73, NULL, NULL),
(7325, 'KABUPATEN LUWU TIMUR', 'KABUPATEN LUWU TIMUR', -2.50957, 120.3978, 73, NULL, NULL),
(7326, 'KABUPATEN TORAJA UTARA', 'KABUPATEN TORAJA UTARA', -2.92738, 119.79218, 73, NULL, NULL),
(7371, 'KOTA MAKASSAR', 'KOTA MAKASSAR', -5.15, 119.45, 73, NULL, NULL),
(7372, 'KOTA PARE-PARE', 'KOTA PARE-PARE', -4.03333, 119.65, 73, NULL, NULL),
(7373, 'KOTA PALOPO', 'KOTA PALOPO', -2.97841, 120.11078, 73, NULL, NULL),
(7401, 'KABUPATEN BUTON', 'KABUPATEN BUTON', -5.31667, 122.58333, 74, NULL, NULL),
(7402, 'KABUPATEN MUNA', 'KABUPATEN MUNA', -4.96667, 122.66667, 74, NULL, NULL),
(7403, 'KABUPATEN KONAWE', 'KABUPATEN KONAWE', -3.91717, 122.08823, 74, NULL, NULL),
(7404, 'KABUPATEN KOLAKA', 'KABUPATEN KOLAKA', -4.08333, 121.66667, 74, NULL, NULL),
(7405, 'KABUPATEN KONAWE SELATAN', 'KABUPATEN KONAWE SELATAN', -4.19191, 122.44854, 74, NULL, NULL),
(7406, 'KABUPATEN BOMBANA', 'KABUPATEN BOMBANA', -4.6257, 121.81641, 74, NULL, NULL),
(7407, 'KABUPATEN WAKATOBI', 'KABUPATEN WAKATOBI', -5.31934, 123.5948, 74, NULL, NULL),
(7408, 'KABUPATEN KOLAKA UTARA', 'KABUPATEN KOLAKA UTARA', -3.10452, 121.12427, 74, NULL, NULL),
(7409, 'KABUPATEN BUTON UTARA', 'KABUPATEN BUTON UTARA', -5.01457, 122.93015, 74, NULL, NULL),
(7410, 'KABUPATEN KONAWE UTARA', 'KABUPATEN KONAWE UTARA', -3.41552, 121.99081, 74, NULL, NULL),
(7411, 'KABUPATEN KOLAKA TIMUR', 'KABUPATEN KOLAKA TIMUR', -4.01807, 121.86172, 74, NULL, NULL),
(7412, 'KABUPATEN KONAWE KEPULAUAN', 'KABUPATEN KONAWE KEPULAUAN', -4.11656, 123.10181, 74, NULL, NULL),
(7413, 'KABUPATEN MUNA BARAT', 'KABUPATEN MUNA BARAT', -4.83333, 122.48333, 74, NULL, NULL),
(7414, 'KABUPATEN BUTON TENGAH', 'KABUPATEN BUTON TENGAH', -5.31667, 122.33333, 74, NULL, NULL),
(7415, 'KABUPATEN BUTON SELATAN', 'KABUPATEN BUTON SELATAN', -5.56667, 122.7, 74, NULL, NULL),
(7471, 'KOTA KENDARI', 'KOTA KENDARI', -3.98333, 122.5, 74, NULL, NULL),
(7472, 'KOTA BAUBAU', 'KOTA BAUBAU', -5.477, 122.6166, 74, NULL, NULL),
(7501, 'KABUPATEN BOALEMO', 'KABUPATEN BOALEMO', 0.62689, 122.3568, 75, NULL, NULL),
(7502, 'KABUPATEN GORONTALO', 'KABUPATEN GORONTALO', 0.5728, 122.2337, 75, NULL, NULL),
(7503, 'KABUPATEN POHUWATO', 'KABUPATEN POHUWATO', 0.7098, 121.59582, 75, NULL, NULL),
(7504, 'KABUPATEN BONE BOLANGO', 'KABUPATEN BONE BOLANGO', 0.50296, 123.27501, 75, NULL, NULL),
(7505, 'KABUPATEN GORONTALO UTARA', 'KABUPATEN GORONTALO UTARA', 0.77, 122.31667, 75, NULL, NULL),
(7571, 'KOTA GORONTALO', 'KOTA GORONTALO', 0.53333, 123.1, 75, NULL, NULL),
(7601, 'KABUPATEN MAJENE', 'KABUPATEN MAJENE', -3.15, 118.86667, 76, NULL, NULL),
(7602, 'KABUPATEN POLEWALI MANDAR', 'KABUPATEN POLEWALI MANDAR', -3.3, 119.16667, 76, NULL, NULL),
(7603, 'KABUPATEN MAMASA', 'KABUPATEN MAMASA', -2.96492, 119.30631, 76, NULL, NULL),
(7604, 'KABUPATEN MAMUJU', 'KABUPATEN MAMUJU', -2.5, 119.41667, 76, NULL, NULL),
(7605, 'KABUPATEN MAMUJU UTARA', 'KABUPATEN MAMUJU UTARA', -1.51639, 119.42139, 76, NULL, NULL),
(7606, 'KABUPATEN MAMUJU TENGAH', 'KABUPATEN MAMUJU TENGAH', -2.8212, 119.2662, 76, NULL, NULL),
(8101, 'KABUPATEN MALUKU TENGGARA BARAT', 'KABUPATEN MALUKU TENGGARA BARAT', -7.61186, 131.38, 81, NULL, NULL),
(8102, 'KABUPATEN MALUKU TENGGARA', 'KABUPATEN MALUKU TENGGARA', -5.75, 132.73334, 81, NULL, NULL),
(8103, 'KABUPATEN MALUKU TENGAH', 'KABUPATEN MALUKU TENGAH', -3.29167, 128.9675, 81, NULL, NULL),
(8104, 'KABUPATEN BURU', 'KABUPATEN BURU', -3.32767, 126.68413, 81, NULL, NULL),
(8105, 'KABUPATEN KEPULAUAN ARU', 'KABUPATEN KEPULAUAN ARU', -6.17059, 134.46991, 81, NULL, NULL),
(8106, 'KABUPATEN SERAM BAGIAN BARAT', 'KABUPATEN SERAM BAGIAN BARAT', -3.1027, 128.42996, 81, NULL, NULL),
(8107, 'KABUPATEN SERAM BAGIAN TIMUR', 'KABUPATEN SERAM BAGIAN TIMUR', -3.39851, 130.39166, 81, NULL, NULL),
(8108, 'KABUPATEN MALUKU BARAT DAYA', 'KABUPATEN MALUKU BARAT DAYA', -7.8296, 126.17386, 81, NULL, NULL),
(8109, 'KABUPATEN BURU SELATAN', 'KABUPATEN BURU SELATAN', -3.52187, 126.59271, 81, NULL, NULL),
(8171, 'KOTA AMBON', 'KOTA AMBON', -3.7, 128.18333, 81, NULL, NULL),
(8172, 'KOTA TUAL', 'KOTA TUAL', -5.64301, 132.74934, 81, NULL, NULL),
(8201, 'KABUPATEN HALMAHERA BARAT', 'KABUPATEN HALMAHERA BARAT', 1.41709, 127.55264, 82, NULL, NULL),
(8202, 'KABUPATEN HALMAHERA TENGAH', 'KABUPATEN HALMAHERA TENGAH', 0.48056, 128.25, 82, NULL, NULL),
(8203, 'KABUPATEN KEPULAUAN SULA', 'KABUPATEN KEPULAUAN SULA', -1.8646, 125.69046, 82, NULL, NULL),
(8204, 'KABUPATEN HALMAHERA SELATAN', 'KABUPATEN HALMAHERA SELATAN', -0.3955, 127.90833, 82, NULL, NULL),
(8205, 'KABUPATEN HALMAHERA UTARA', 'KABUPATEN HALMAHERA UTARA', 1.73194, 128.00778, 82, NULL, NULL),
(8206, 'KABUPATEN HALMAHERA TIMUR', 'KABUPATEN HALMAHERA TIMUR', 1.33517, 128.48627, 82, NULL, NULL),
(8207, 'KABUPATEN PULAU MOROTAI', 'KABUPATEN PULAU MOROTAI', 2.19924, 128.40546, 82, NULL, NULL),
(8208, 'KABUPATEN PULAU TALIABU', 'KABUPATEN PULAU TALIABU', -1.84578, 124.78992, 82, NULL, NULL),
(8271, 'KOTA TERNATE', 'KOTA TERNATE', 0.89618, 127.31016, 82, NULL, NULL),
(8272, 'KOTA TIDORE KEPULAUAN', 'KOTA TIDORE KEPULAUAN', 0.60962, 127.56981, 82, NULL, NULL),
(9101, 'KABUPATEN FAK-FAK', 'KABUPATEN FAK-FAK', -2.92641, 132.29608, 91, NULL, NULL),
(9102, 'KABUPATEN KAIMANA', 'KABUPATEN KAIMANA', -3.66093, 133.77451, 91, NULL, NULL),
(9103, 'KABUPATEN TELUK WONDAMA', 'KABUPATEN TELUK WONDAMA', -2.7, 134.5, 91, NULL, NULL),
(9104, 'KABUPATEN TELUK BINTUNI', 'KABUPATEN TELUK BINTUNI', -1.88037, 133.33105, 91, NULL, NULL),
(9105, 'KABUPATEN MANOKWARI', 'KABUPATEN MANOKWARI', -0.9, 133.75, 91, NULL, NULL),
(9106, 'KABUPATEN SORONG SELATAN', 'KABUPATEN SORONG SELATAN', -1.50495, 132.28638, 91, NULL, NULL),
(9107, 'KABUPATEN SORONG', 'KABUPATEN SORONG', -1.16667, 131.5, 91, NULL, NULL),
(9108, 'KABUPATEN RAJA AMPAT', 'KABUPATEN RAJA AMPAT', -0.5, 130, 91, NULL, NULL),
(9109, 'KABUPATEN TAMBRAUW', 'KABUPATEN TAMBRAUW', -0.60515, 132.48962, 91, NULL, NULL),
(9110, 'KABUPATEN MAYBRAT', 'KABUPATEN MAYBRAT', -1.2155, 132.35092, 91, NULL, NULL),
(9111, 'KABUPATEN MANOKWARI SELATAN', 'KABUPATEN MANOKWARI SELATAN', -1.0798, 133.96729, 91, NULL, NULL),
(9112, 'KABUPATEN PEGUNUNGAN ARFAK', 'KABUPATEN PEGUNUNGAN ARFAK', -0.93523, 133.89587, 91, NULL, NULL),
(9171, 'KOTA SORONG', 'KOTA SORONG', -0.86507, 131.25153, 91, NULL, NULL),
(9401, 'KABUPATEN MERAUKE', 'KABUPATEN MERAUKE', -7.66667, 139.66667, 94, NULL, NULL),
(9402, 'KABUPATEN JAYAWIJAYA', 'KABUPATEN JAYAWIJAYA', -4.08333, 139.08333, 94, NULL, NULL),
(9403, 'KABUPATEN JAYAPURA', 'KABUPATEN JAYAPURA', -3, 139.95, 94, NULL, NULL),
(9404, 'KABUPATEN NABIRE', 'KABUPATEN NABIRE', -3.54016, 135.55511, 94, NULL, NULL),
(9408, 'KABUPATEN KEPULAUAN YAPEN', 'KABUPATEN KEPULAUAN YAPEN', -1.78773, 136.27716, 94, NULL, NULL),
(9409, 'KABUPATEN BIAK NUMFOR', 'KABUPATEN BIAK NUMFOR', -1.03333, 136, 94, NULL, NULL),
(9410, 'KABUPATEN PANIAI', 'KABUPATEN PANIAI', -3.9, 136.60001, 94, NULL, NULL),
(9411, 'KABUPATEN PUNCAK JAYA', 'KABUPATEN PUNCAK JAYA', -3.67241, 137.43896, 94, NULL, NULL),
(9412, 'KABUPATEN MIMIKA', 'KABUPATEN MIMIKA', -4.54357, 136.56555, 94, NULL, NULL),
(9413, 'KABUPATEN BOVEN DIGOEL', 'KABUPATEN BOVEN DIGOEL', -5.70519, 140.36349, 94, NULL, NULL),
(9414, 'KABUPATEN MAPPI', 'KABUPATEN MAPPI', -6.49971, 139.34441, 94, NULL, NULL),
(9415, 'KABUPATEN ASMAT', 'KABUPATEN ASMAT', -5.3795, 138.46344, 94, NULL, NULL),
(9416, 'KABUPATEN YAHUKIMO', 'KABUPATEN YAHUKIMO', -4.60403, 139.58405, 94, NULL, NULL),
(9417, 'KABUPATEN PEGUNUNGAN BINTANG', 'KABUPATEN PEGUNUNGAN BINTANG', -4.52167, 140.29541, 94, NULL, NULL),
(9418, 'KABUPATEN TOLIKARA', 'KABUPATEN TOLIKARA', -3.42661, 137.41699, 94, NULL, NULL),
(9419, 'KABUPATEN SARMI', 'KABUPATEN SARMI', -2.41667, 139.08333, 94, NULL, NULL),
(9420, 'KABUPATEN KEEROM', 'KABUPATEN KEEROM', -3.3, 140.61667, 94, NULL, NULL),
(9426, 'KABUPATEN WAROPEN', 'KABUPATEN WAROPEN', -2.286, 137.01837, 94, NULL, NULL),
(9427, 'KABUPATEN SUPIORI', 'KABUPATEN SUPIORI', -0.73881, 135.61111, 94, NULL, NULL),
(9428, 'KABUPATEN MAMBERAMO RAYA', 'KABUPATEN MAMBERAMO RAYA', -2.23561, 137.78229, 94, NULL, NULL),
(9429, 'KABUPATEN NDUGA', 'KABUPATEN NDUGA', -4.45093, 138.10089, 94, NULL, NULL),
(9430, 'KABUPATEN LANNY JAYA', 'KABUPATEN LANNY JAYA', -3.91244, 138.28766, 94, NULL, NULL),
(9431, 'KABUPATEN MAMBERAMO TENGAH', 'KABUPATEN MAMBERAMO TENGAH', -2.46064, 138.45245, 94, NULL, NULL),
(9432, 'KABUPATEN YALIMO', 'KABUPATEN YALIMO', -3.86037, 138.47305, 94, NULL, NULL),
(9433, 'KABUPATEN PUNCAK', 'KABUPATEN PUNCAK', -4.14204, 137.09702, 94, NULL, NULL),
(9434, 'KABUPATEN DOGIYAI', 'KABUPATEN DOGIYAI', -4.03186, 135.43945, 94, NULL, NULL),
(9435, 'KABUPATEN INTAN JAYA', 'KABUPATEN INTAN JAYA', -3.41016, 136.70837, 94, NULL, NULL),
(9436, 'KABUPATEN DEIYAI', 'KABUPATEN DEIYAI', -3.94737, 135.95032, 94, NULL, NULL),
(9471, 'KOTA JAYAPURA', 'KOTA JAYAPURA', -2.64647, 140.77779, 94, NULL, NULL);

-- --------------------------------------------------------

--
-- Table structure for table `kecamatan`
--

CREATE TABLE `kecamatan` (
  `id` bigint UNSIGNED NOT NULL,
  `name` varchar(30) COLLATE utf8mb4_unicode_ci NOT NULL,
  `alt_name` varchar(300) CHARACTER SET utf8mb4 COLLATE utf8mb4_unicode_ci NOT NULL,
  `latitude` double NOT NULL,
  `longitude` double NOT NULL,
  `kabkota_id` bigint UNSIGNED NOT NULL,
  `created_at` timestamp NULL DEFAULT NULL,
  `updated_at` timestamp NULL DEFAULT NULL
) ENGINE=InnoDB DEFAULT CHARSET=utf8mb4 COLLATE=utf8mb4_unicode_ci;

--
-- Dumping data for table `kecamatan`
--

INSERT INTO `kecamatan` (`id`, `name`, `alt_name`, `latitude`, `longitude`, `kabkota_id`, `created_at`, `updated_at`) VALUES
(1101010, 'TEUPAH SELATAN', 'South Teupah, Simeulue kabkota, Aceh, Indonesia', 2.38603, 96.42904, 1101, NULL, NULL),
(1101020, 'SIMEULUE TIMUR', 'East Simeulue, Simeulue kabkota, Aceh, Indonesia', 2.51438, 96.31197, 1101, NULL, NULL),
(1101021, 'TEUPAH BARAT', 'West Teupah, Simeulue kabkota, Aceh, Indonesia', 2.505, 96.21636, 1101, NULL, NULL),
(1101022, 'TEUPAH TENGAH', 'Teupah Tengah, Kabupaten Simeulue, Aceh, Indonesia', 2.41594, 96.33324, 1101, NULL, NULL),
(1101030, 'SIMEULUE TENGAH', 'Central Simeulue Sub-District, Simeulue kabkota, Aceh, Indonesia', 2.62412, 96.04674, 1101, NULL, NULL),
(1101031, 'TELUK DALAM', 'Teluk Dalam, South Nias kabkota, North Sumatra, Indonesia', 0.60523, 97.83952, 1101, NULL, NULL),
(1101032, 'SIMEULUE CUT', 'Simeulue Cut, Kabupaten Simeulue, Aceh, Indonesia', 2.59997, 95.93569, 1101, NULL, NULL),
(1101040, 'SALANG', 'Salang, Simeulue kabkota, Aceh, Indonesia', 2.66445, 95.8776, 1101, NULL, NULL),
(1101050, 'SIMEULUE BARAT', 'West Simeulue, Simeulue kabkota, Aceh, Indonesia', 2.783, 95.91984, 1101, NULL, NULL),
(1101051, 'ALAFAN', 'Alafan, Simeulue kabkota, Aceh, Indonesia', 2.78384, 95.75105, 1101, NULL, NULL),
(1102010, 'PULAU BANYAK', 'Banyak Island, Aceh Singkil kabkota, Aceh, Indonesia', 2.31989, 97.4138, 1102, NULL, NULL),
(1102011, 'PULAU BANYAK BARAT', 'West Banyak Island, Aceh Singkil kabkota, Aceh, Indonesia', 2.14721, 97.28687, 1102, NULL, NULL),
(1102020, 'SINGKIL', 'Singkil, Aceh Singkil kabkota, Aceh, Indonesia', 2.28361, 97.79873, 1102, NULL, NULL),
(1102021, 'SINGKIL UTARA', 'North Singkil, Aceh Singkil kabkota, Aceh, Indonesia', 2.29969, 97.98108, 1102, NULL, NULL),
(1102022, 'KUALA BARU', 'Kuala Baru, Aceh Singkil kabkota, Aceh, Indonesia', 2.3891, 97.73081, 1102, NULL, NULL),
(1102030, 'SIMPANG KANAN', 'Simpang Kanan, Rokan Hilir kabkota, Riau, Indonesia', 1.85952, 100.37225, 1102, NULL, NULL),
(1102031, 'GUNUNG MERIAH', 'Gunung Meriah, Deli Serdang kabkota, North Sumatra, Indonesia', 3.12177, 98.68206, 1102, NULL, NULL),
(1102032, 'DANAU PARIS', 'Danau Paris, Aceh Singkil kabkota, Aceh, Indonesia', 2.29895, 98.11201, 1102, NULL, NULL),
(1102033, 'SURO', 'Suro, Kalibagor, Banyumas kabkota, Central Java, Indonesia', -7.49036, 109.32479, 1102, NULL, NULL),
(1102042, 'SINGKOHOR', 'Singkohor, Aceh Singkil kabkota, Aceh, Indonesia', 2.53493, 97.93749, 1102, NULL, NULL),
(1102043, 'KOTA BAHARU', 'Banjarbaru City, South Kalimantan, Indonesia', -3.4667, 114.74907, 1102, NULL, NULL),
(1103010, 'TRUMON', 'Trumon, South Aceh kabkota, Aceh, Indonesia', 2.63444, 97.74167, 1103, NULL, NULL),
(1103011, 'TRUMON TIMUR', 'East Trumon, South Aceh kabkota, Aceh, Indonesia', 2.8906, 97.80689, 1103, NULL, NULL),
(1103012, 'TRUMON TENGAH', 'Central Trumon, South Aceh kabkota, Aceh, Indonesia', 2.90147, 97.66566, 1103, NULL, NULL),
(1103020, 'BAKONGAN', 'Bakongan, South Aceh kabkota, Aceh, Indonesia', 2.96224, 97.47059, 1103, NULL, NULL),
(1103021, 'BAKONGAN TIMUR', 'East Bakongan, South Aceh kabkota, Aceh, Indonesia', 2.90205, 97.5789, 1103, NULL, NULL),
(1103022, 'KOTA BAHAGIA', 'Bahagia City, South Aceh kabkota, Aceh, Indonesia', 3.01133, 97.54639, 1103, NULL, NULL),
(1103030, 'KLUET SELATAN', 'South Kluet, South Aceh kabkota, Aceh, Indonesia', 3.05166, 97.45977, 1103, NULL, NULL),
(1103031, 'KLUET TIMUR', 'East Kluet, South Aceh kabkota, Aceh, Indonesia', 3.17104, 97.45977, 1103, NULL, NULL),
(1103040, 'KLUET UTARA', 'North Kluet, South Aceh kabkota, Aceh, Indonesia', 3.1221, 97.34085, 1103, NULL, NULL),
(1103041, 'PASIE RAJA', 'Pasie Raja, South Aceh kabkota, Aceh, Indonesia', 3.2021, 97.29766, 1103, NULL, NULL),
(1103042, 'KLUET TENGAH', 'Central Kluet, South Aceh kabkota, Aceh, Indonesia', 3.43189, 97.30846, 1103, NULL, NULL),
(1103050, 'TAPAK TUAN', 'Tapak Tuan, South Aceh kabkota, Aceh, Indonesia', 3.26156, 97.18037, 1103, NULL, NULL),
(1103060, 'SAMA DUA', 'Sama Dua, South Aceh kabkota, Aceh, Indonesia', 3.34269, 97.1898, 1103, NULL, NULL),
(1103070, 'SAWANG', 'Sawang, North Aceh kabkota, Aceh, Indonesia', 5.04409, 96.89945, 1103, NULL, NULL),
(1103080, 'MEUKEK', 'Meukek, South Aceh kabkota, Aceh, Indonesia', 3.59312, 97.22214, 1103, NULL, NULL),
(1103090, 'LABUHAN HAJI', 'Labuhan Haji, East Lombok kabkota, West Nusa Tenggara, Indonesia', -8.64725, 116.57868, 1103, NULL, NULL),
(1103091, 'LABUHAN HAJI TIMUR', 'East Labuhan Haji, South Aceh kabkota, Aceh, Indonesia', 3.60394, 97.12517, 1103, NULL, NULL),
(1103092, 'LABUHAN HAJI BARAT', 'West Labuhan Haji, South Aceh kabkota, Aceh, Indonesia', 3.58499, 96.9746, 1103, NULL, NULL),
(1104010, 'LAWE ALAS', 'Lawe Alas, Aceh Tenggara kabkota, Aceh, Indonesia', 3.43786, 97.81776, 1104, NULL, NULL),
(1104011, 'BABUL RAHMAH', 'BABUL RAHMAH', 0, 0, 1104, NULL, NULL),
(1104012, 'TANOH ALAS', 'Tanoh Alas, Aceh Tenggara kabkota, Aceh, Indonesia', 3.26928, 97.65481, 1104, NULL, NULL),
(1104020, 'LAWE SIGALA-GALA', 'Lawe Sigala-Gala, Aceh Tenggara kabkota, Aceh, Indonesia', 3.35698, 97.9266, 1104, NULL, NULL),
(1104021, 'BABUL MAKMUR', 'Babul Makmur, Aceh Tenggara kabkota, Aceh, Indonesia', 3.31651, 97.99199, 1104, NULL, NULL),
(1104022, 'SEMADAM', 'Semadam, Aceh Tenggara kabkota, Aceh, Indonesia', 3.39227, 97.88849, 1104, NULL, NULL),
(1104023, 'LAUSER', 'Lauser, Aceh Tenggara kabkota, Aceh, Indonesia', 3.12769, 97.93749, 1104, NULL, NULL),
(1104030, 'BAMBEL', 'Bambel, Aceh Tenggara kabkota, Aceh, Indonesia', 3.45716, 97.90482, 1104, NULL, NULL),
(1104031, 'BUKIT TUSAM', 'Bukit Tusam, Aceh Tenggara kabkota, Aceh, Indonesia', 3.41244, 97.86672, 1104, NULL, NULL),
(1104032, 'LAWE SUMUR', 'Lawe Sumur, Aceh Tenggara kabkota, Aceh, Indonesia', 3.48232, 97.88849, 1104, NULL, NULL),
(1104040, 'BABUSSALAM', 'Babussalam, Aceh Tenggara kabkota, Aceh, Indonesia', 3.49307, 97.80145, 1104, NULL, NULL),
(1104041, 'LAWE BULAN', 'Lawe Bulan, Aceh Tenggara kabkota, Aceh, Indonesia', 3.50254, 97.86672, 1104, NULL, NULL);

-- --------------------------------------------------------

--
-- Table structure for table `migrations`
--

CREATE TABLE `migrations` (
  `id` int UNSIGNED NOT NULL,
  `migration` varchar(255) COLLATE utf8mb4_unicode_ci NOT NULL,
  `batch` int NOT NULL
) ENGINE=InnoDB DEFAULT CHARSET=utf8mb4 COLLATE=utf8mb4_unicode_ci;

--
-- Dumping data for table `migrations`
--

INSERT INTO `migrations` (`id`, `migration`, `batch`) VALUES
(1, '0001_01_01_000000_create_users_table', 1),
(2, '0001_01_01_000001_create_cache_table', 1),
(3, '0001_01_01_000002_create_jobs_table', 1),
(4, '2025_01_19_125901_create_provinsis_table', 2),
(5, '2025_01_19_131700_create_kabkotas_table', 3),
(6, '2025_01_19_134553_create_kecamatans_table', 4);

-- --------------------------------------------------------

--
-- Table structure for table `password_reset_tokens`
--

CREATE TABLE `password_reset_tokens` (
  `email` varchar(255) COLLATE utf8mb4_unicode_ci NOT NULL,
  `token` varchar(255) COLLATE utf8mb4_unicode_ci NOT NULL,
  `created_at` timestamp NULL DEFAULT NULL
) ENGINE=InnoDB DEFAULT CHARSET=utf8mb4 COLLATE=utf8mb4_unicode_ci;

-- --------------------------------------------------------

--
-- Table structure for table `provinsi`
--

CREATE TABLE `provinsi` (
  `id` bigint UNSIGNED NOT NULL,
  `name` varchar(30) COLLATE utf8mb4_unicode_ci NOT NULL,
  `alt_name` varchar(30) COLLATE utf8mb4_unicode_ci NOT NULL,
  `latitude` double NOT NULL,
  `longitude` double NOT NULL,
  `created_at` timestamp NULL DEFAULT NULL,
  `updated_at` timestamp NULL DEFAULT NULL
) ENGINE=InnoDB DEFAULT CHARSET=utf8mb4 COLLATE=utf8mb4_unicode_ci;

--
-- Dumping data for table `provinsi`
--

INSERT INTO `provinsi` (`id`, `name`, `alt_name`, `latitude`, `longitude`, `created_at`, `updated_at`) VALUES
(11, 'ACEH', 'ACEH', 4.36855, 97.0253, NULL, NULL),
(12, 'SUMATERA UTARA', 'SUMATERA UTARA', 2.19235, 99.38122, NULL, NULL),
(13, 'SUMATERA BARAT', 'SUMATERA BARAT', -1.34225, 100.0761, NULL, NULL),
(14, 'RIAU', 'RIAU', 0.50041, 101.54758, NULL, NULL),
(15, 'JAMBI', 'JAMBI', -1.61157, 102.7797, NULL, NULL),
(16, 'SUMATERA SELATAN', 'SUMATERA SELATAN', -3.12668, 104.09306, NULL, NULL),
(17, 'BENGKULU', 'BENGKULU', -3.51868, 102.53598, NULL, NULL),
(18, 'LAMPUNG', 'LAMPUNG', -4.8555, 105.0273, NULL, NULL),
(19, 'KEPULAUAN BANGKA BELITUNG', 'KEPULAUAN BANGKA BELITUNG', -2.75775, 107.58394, NULL, NULL),
(21, 'KEPULAUAN RIAU', 'KEPULAUAN RIAU', -0.15478, 104.58037, NULL, NULL),
(31, 'DKI JAKARTA', 'DKI JAKARTA', -6.2088, 106.4939, NULL, NULL),
(32, 'JAWA BARAT', 'JAWA BARAT', -6.88917, 107.64047, NULL, NULL),
(33, 'JAWA TENGAH', 'JAWA TENGAH', -7.30324, 110.00441, NULL, NULL),
(34, 'DI YOGYAKARTA', 'DI YOGYAKARTA', -7.7956, 110.3695, NULL, NULL),
(35, 'JAWA TIMUR', 'JAWA TIMUR', -6.96851, 113.98005, NULL, NULL),
(36, 'BANTEN', 'BANTEN', -6.44538, 106.13756, NULL, NULL),
(51, 'BALI', 'BALI', -8.23566, 115.12239, NULL, NULL),
(52, 'NUSA TENGGARA BARAT', 'NUSA TENGGARA BARAT', -8.12179, 117.63696, NULL, NULL),
(53, 'NUSA TENGGARA TIMUR', 'NUSA TENGGARA TIMUR', -8.56568, 120.69786, NULL, NULL),
(61, 'KALIMANTAN BARAT', 'KALIMANTAN BARAT', -0.13224, 111.09689, NULL, NULL),
(62, 'KALIMANTAN TENGAH', 'KALIMANTAN TENGAH', -1.49958, 113.29033, NULL, NULL),
(63, 'KALIMANTAN SELATAN', 'KALIMANTAN SELATAN', -2.94348, 115.37565, NULL, NULL),
(64, 'KALIMANTAN TIMUR', 'KALIMANTAN TIMUR', 0.78844, 116.242, NULL, NULL),
(65, 'KALIMANTAN UTARA', 'KALIMANTAN UTARA', 2.72594, 116.911, NULL, NULL),
(71, 'SULAWESI UTARA', 'SULAWESI UTARA', 0.65557, 124.09015, NULL, NULL),
(72, 'SULAWESI TENGAH', 'SULAWESI TENGAH', -1.69378, 120.80886, NULL, NULL),
(73, 'SULAWESI SELATAN', 'SULAWESI SELATAN', -3.64467, 119.94719, NULL, NULL),
(74, 'SULAWESI TENGGARA', 'SULAWESI TENGGARA', -3.54912, 121.72796, NULL, NULL),
(75, 'GORONTALO', 'GORONTALO', 0.71862, 122.45559, NULL, NULL),
(76, 'SULAWESI BARAT', 'SULAWESI BARAT', -2.49745, 119.3919, NULL, NULL),
(81, 'MALUKU', 'MALUKU', -3.11884, 129.42078, NULL, NULL),
(82, 'MALUKU UTARA', 'MALUKU UTARA', 0.63012, 127.97202, NULL, NULL),
(91, 'PAPUA BARAT', 'PAPUA BARAT', -1.38424, 132.90253, NULL, NULL),
(94, 'PAPUA', 'PAPUA', -3.98857, 138.34853, NULL, NULL),
(96, 'Jakarta', 'DKI Jakarta', -6.2088, 106.8456, NULL, NULL),
(97, 'Yogyakarta', 'DIY Yogyakarta', -7.7956, 110.3695, NULL, NULL);

-- --------------------------------------------------------

--
-- Table structure for table `sessions`
--

CREATE TABLE `sessions` (
  `id` varchar(255) COLLATE utf8mb4_unicode_ci NOT NULL,
  `user_id` bigint UNSIGNED DEFAULT NULL,
  `ip_address` varchar(45) COLLATE utf8mb4_unicode_ci DEFAULT NULL,
  `user_agent` text COLLATE utf8mb4_unicode_ci,
  `payload` longtext COLLATE utf8mb4_unicode_ci NOT NULL,
  `last_activity` int NOT NULL
) ENGINE=InnoDB DEFAULT CHARSET=utf8mb4 COLLATE=utf8mb4_unicode_ci;

--
-- Dumping data for table `sessions`
--

INSERT INTO `sessions` (`id`, `user_id`, `ip_address`, `user_agent`, `payload`, `last_activity`) VALUES
('NrvfwbM1Dv8ovssUDw3s6Irkewtp9dmal7qRWWVw', 1, '127.0.0.1', 'Mozilla/5.0 (Windows NT 10.0; Win64; x64) AppleWebKit/537.36 (KHTML, like Gecko) Chrome/132.0.0.0 Safari/537.36 Edg/132.0.0.0', 'YTo2OntzOjY6Il90b2tlbiI7czo0MDoiYTlVRHFqWFZqVzdWRXlmR3BkRDJyTmE1dmZTMGhGVnBHU3dQQ0NUTCI7czo5OiJfcHJldmlvdXMiO2E6MTp7czozOiJ1cmwiO3M6Mjc6Imh0dHA6Ly8xMjcuMC4wLjE6ODAwMC9hZG1pbiI7fXM6NjoiX2ZsYXNoIjthOjI6e3M6Mzoib2xkIjthOjA6e31zOjM6Im5ldyI7YTowOnt9fXM6MzoidXJsIjthOjA6e31zOjUwOiJsb2dpbl93ZWJfNTliYTM2YWRkYzJiMmY5NDAxNTgwZjAxNGM3ZjU4ZWE0ZTMwOTg5ZCI7aToxO3M6MTc6InBhc3N3b3JkX2hhc2hfd2ViIjtzOjYwOiIkMnkkMTIkdnFBSlFhQW1PVmFkaFpiZHJNeGluLkVLNHdvcDFWWDJCR3RTMXNtV3IyRm9PWjhZWDBqdVMiO30=', 1737370886);

-- --------------------------------------------------------

--
-- Table structure for table `users`
--

CREATE TABLE `users` (
  `id` bigint UNSIGNED NOT NULL,
  `name` varchar(255) COLLATE utf8mb4_unicode_ci NOT NULL,
  `email` varchar(255) COLLATE utf8mb4_unicode_ci NOT NULL,
  `email_verified_at` timestamp NULL DEFAULT NULL,
  `password` varchar(255) COLLATE utf8mb4_unicode_ci NOT NULL,
  `remember_token` varchar(100) COLLATE utf8mb4_unicode_ci DEFAULT NULL,
  `created_at` timestamp NULL DEFAULT NULL,
  `updated_at` timestamp NULL DEFAULT NULL
) ENGINE=InnoDB DEFAULT CHARSET=utf8mb4 COLLATE=utf8mb4_unicode_ci;

--
-- Dumping data for table `users`
--

INSERT INTO `users` (`id`, `name`, `email`, `email_verified_at`, `password`, `remember_token`, `created_at`, `updated_at`) VALUES
(1, 'admin', 'admin@gmail.com', NULL, '$2y$12$vqAJQaAmOVadhZbdrMxin.EK4wop1VX2BGtS1smWr2FoOZ8YX0juS', '0dbDP24sQ9wT2Ad7rSNcaVJubK6oiueyMSjOFng1pvdtqRoTZhlytVYXaEP8', '2025-01-19 04:22:10', '2025-01-19 04:22:10');

--
-- Indexes for dumped tables
--

--
-- Indexes for table `cache`
--
ALTER TABLE `cache`
  ADD PRIMARY KEY (`key`);

--
-- Indexes for table `cache_locks`
--
ALTER TABLE `cache_locks`
  ADD PRIMARY KEY (`key`);

--
-- Indexes for table `failed_jobs`
--
ALTER TABLE `failed_jobs`
  ADD PRIMARY KEY (`id`),
  ADD UNIQUE KEY `failed_jobs_uuid_unique` (`uuid`);

--
-- Indexes for table `jobs`
--
ALTER TABLE `jobs`
  ADD PRIMARY KEY (`id`),
  ADD KEY `jobs_queue_index` (`queue`);

--
-- Indexes for table `job_batches`
--
ALTER TABLE `job_batches`
  ADD PRIMARY KEY (`id`);

--
-- Indexes for table `kabkota`
--
ALTER TABLE `kabkota`
  ADD PRIMARY KEY (`id`),
  ADD UNIQUE KEY `kabkota_name_unique` (`name`),
  ADD KEY `kabkota_provinsi_id_foreign` (`provinsi_id`);

--
-- Indexes for table `kecamatan`
--
ALTER TABLE `kecamatan`
  ADD PRIMARY KEY (`id`),
  ADD UNIQUE KEY `kecamatan_name_unique` (`name`),
  ADD KEY `kecamatan_kabkota_id_foreign` (`kabkota_id`);

--
-- Indexes for table `migrations`
--
ALTER TABLE `migrations`
  ADD PRIMARY KEY (`id`);

--
-- Indexes for table `password_reset_tokens`
--
ALTER TABLE `password_reset_tokens`
  ADD PRIMARY KEY (`email`);

--
-- Indexes for table `provinsi`
--
ALTER TABLE `provinsi`
  ADD PRIMARY KEY (`id`),
  ADD UNIQUE KEY `provinsi_name_unique` (`name`);

--
-- Indexes for table `sessions`
--
ALTER TABLE `sessions`
  ADD PRIMARY KEY (`id`),
  ADD KEY `sessions_user_id_index` (`user_id`),
  ADD KEY `sessions_last_activity_index` (`last_activity`);

--
-- Indexes for table `users`
--
ALTER TABLE `users`
  ADD PRIMARY KEY (`id`),
  ADD UNIQUE KEY `users_email_unique` (`email`);

--
-- AUTO_INCREMENT for dumped tables
--

--
-- AUTO_INCREMENT for table `failed_jobs`
--
ALTER TABLE `failed_jobs`
  MODIFY `id` bigint UNSIGNED NOT NULL AUTO_INCREMENT;

--
-- AUTO_INCREMENT for table `jobs`
--
ALTER TABLE `jobs`
  MODIFY `id` bigint UNSIGNED NOT NULL AUTO_INCREMENT;

--
-- AUTO_INCREMENT for table `kabkota`
--
ALTER TABLE `kabkota`
  MODIFY `id` bigint UNSIGNED NOT NULL AUTO_INCREMENT, AUTO_INCREMENT=9472;

--
-- AUTO_INCREMENT for table `kecamatan`
--
ALTER TABLE `kecamatan`
  MODIFY `id` bigint UNSIGNED NOT NULL AUTO_INCREMENT, AUTO_INCREMENT=1104042;

--
-- AUTO_INCREMENT for table `migrations`
--
ALTER TABLE `migrations`
  MODIFY `id` int UNSIGNED NOT NULL AUTO_INCREMENT, AUTO_INCREMENT=7;

--
-- AUTO_INCREMENT for table `provinsi`
--
ALTER TABLE `provinsi`
  MODIFY `id` bigint UNSIGNED NOT NULL AUTO_INCREMENT, AUTO_INCREMENT=98;

--
-- AUTO_INCREMENT for table `users`
--
ALTER TABLE `users`
  MODIFY `id` bigint UNSIGNED NOT NULL AUTO_INCREMENT, AUTO_INCREMENT=2;

--
-- Constraints for dumped tables
--

--
-- Constraints for table `kabkota`
--
ALTER TABLE `kabkota`
  ADD CONSTRAINT `kabkota_provinsi_id_foreign` FOREIGN KEY (`provinsi_id`) REFERENCES `provinsi` (`id`);

--
-- Constraints for table `kecamatan`
--
ALTER TABLE `kecamatan`
  ADD CONSTRAINT `kecamatan_kabkota_id_foreign` FOREIGN KEY (`kabkota_id`) REFERENCES `kabkota` (`id`);
COMMIT;

/*!40101 SET CHARACTER_SET_CLIENT=@OLD_CHARACTER_SET_CLIENT */;
/*!40101 SET CHARACTER_SET_RESULTS=@OLD_CHARACTER_SET_RESULTS */;
/*!40101 SET COLLATION_CONNECTION=@OLD_COLLATION_CONNECTION */;
